DATAFLOW,LAST UPDATE,freq,siec,unit,geo,TIME_PERIOD,OBS_VALUE,OBS_FLAG
ESTAT:T2020_RD320(1.0),14/04/22 11:00:00,A,TOTAL,PC,AL,1990,6.412,
ESTAT:T2020_RD320(1.0),14/04/22 11:00:00,A,TOTAL,PC,AL,1991,-3.496,
ESTAT:T2020_RD320(1.0),14/04/22 11:00:00,A,TOTAL,PC,AL,1992,-3.378,
ESTAT:T2020_RD320(1.0),14/04/22 11:00:00,A,TOTAL,PC,AL,1993,0.194,
ESTAT:T2020_RD320(1.0),14/04/22 11:00:00,A,TOTAL,PC,AL,1994,3.586,
ESTAT:T2020_RD320(1.0),14/04/22 11:00:00,A,TOTAL,PC,AL,1995,6.696,
ESTAT:T2020_RD320(1.0),14/04/22 11:00:00,A,TOTAL,PC,AL,1996,6.354,
ESTAT:T2020_RD320(1.0),14/04/22 11:00:00,A,TOTAL,PC,AL,1997,8.776,
ESTAT:T2020_RD320(1.0),14/04/22 11:00:00,A,TOTAL,PC,AL,1998,16.347,
ESTAT:T2020_RD320(1.0),14/04/22 11:00:00,A,TOTAL,PC,AL,1999,41.525,
ESTAT:T2020_RD320(1.0),14/04/22 11:00:00,A,TOTAL,PC,AL,2000,45.781,
ESTAT:T2020_RD320(1.0),14/04/22 11:00:00,A,TOTAL,PC,AL,2001,52.210,
ESTAT:T2020_RD320(1.0),14/04/22 11:00:00,A,TOTAL,PC,AL,2002,53.360,
ESTAT:T2020_RD320(1.0),14/04/22 11:00:00,A,TOTAL,PC,AL,2003,50.757,
ESTAT:T2020_RD320(1.0),14/04/22 11:00:00,A,TOTAL,PC,AL,2004,47.764,
ESTAT:T2020_RD320(1.0),14/04/22 11:00:00,A,TOTAL,PC,AL,2005,49.710,
ESTAT:T2020_RD320(1.0),14/04/22 11:00:00,A,TOTAL,PC,AL,2006,40.387,
ESTAT:T2020_RD320(1.0),14/04/22 11:00:00,A,TOTAL,PC,AL,2007,49.179,
ESTAT:T2020_RD320(1.0),14/04/22 11:00:00,A,TOTAL,PC,AL,2008,49.780,
ESTAT:T2020_RD320(1.0),14/04/22 11:00:00,A,TOTAL,PC,AL,2009,46.388,
ESTAT:T2020_RD320(1.0),14/04/22 11:00:00,A,TOTAL,PC,AL,2010,28.897,
ESTAT:T2020_RD320(1.0),14/04/22 11:00:00,A,TOTAL,PC,AL,2011,35.658,
ESTAT:T2020_RD320(1.0),14/04/22 11:00:00,A,TOTAL,PC,AL,2012,15.626,
ESTAT:T2020_RD320(1.0),14/04/22 11:00:00,A,TOTAL,PC,AL,2013,25.300,
ESTAT:T2020_RD320(1.0),14/04/22 11:00:00,A,TOTAL,PC,AL,2014,28.716,
ESTAT:T2020_RD320(1.0),14/04/22 11:00:00,A,TOTAL,PC,AL,2015,12.593,
ESTAT:T2020_RD320(1.0),14/04/22 11:00:00,A,TOTAL,PC,AL,2016,20.128,
ESTAT:T2020_RD320(1.0),14/04/22 11:00:00,A,TOTAL,PC,AL,2017,38.126,
ESTAT:T2020_RD320(1.0),14/04/22 11:00:00,A,TOTAL,PC,AL,2018,20.967,
ESTAT:T2020_RD320(1.0),14/04/22 11:00:00,A,TOTAL,PC,AL,2019,31.546,
ESTAT:T2020_RD320(1.0),14/04/22 11:00:00,A,TOTAL,PC,AL,2020,35.822,
ESTAT:T2020_RD320(1.0),14/04/22 11:00:00,A,TOTAL,PC,AT,1990,68.826,
ESTAT:T2020_RD320(1.0),14/04/22 11:00:00,A,TOTAL,PC,AT,1991,66.867,
ESTAT:T2020_RD320(1.0),14/04/22 11:00:00,A,TOTAL,PC,AT,1992,68.662,
ESTAT:T2020_RD320(1.0),14/04/22 11:00:00,A,TOTAL,PC,AT,1993,65.905,
ESTAT:T2020_RD320(1.0),14/04/22 11:00:00,A,TOTAL,PC,AT,1994,65.449,
ESTAT:T2020_RD320(1.0),14/04/22 11:00:00,A,TOTAL,PC,AT,1995,66.555,
ESTAT:T2020_RD320(1.0),14/04/22 11:00:00,A,TOTAL,PC,AT,1996,69.596,
ESTAT:T2020_RD320(1.0),14/04/22 11:00:00,A,TOTAL,PC,AT,1997,67.603,
ESTAT:T2020_RD320(1.0),14/04/22 11:00:00,A,TOTAL,PC,AT,1998,70.371,
ESTAT:T2020_RD320(1.0),14/04/22 11:00:00,A,TOTAL,PC,AT,1999,65.428,
ESTAT:T2020_RD320(1.0),14/04/22 11:00:00,A,TOTAL,PC,AT,2000,65.543,
ESTAT:T2020_RD320(1.0),14/04/22 11:00:00,A,TOTAL,PC,AT,2001,65.040,
ESTAT:T2020_RD320(1.0),14/04/22 11:00:00,A,TOTAL,PC,AT,2002,68.022,
ESTAT:T2020_RD320(1.0),14/04/22 11:00:00,A,TOTAL,PC,AT,2003,70.993,
ESTAT:T2020_RD320(1.0),14/04/22 11:00:00,A,TOTAL,PC,AT,2004,71.072,
ESTAT:T2020_RD320(1.0),14/04/22 11:00:00,A,TOTAL,PC,AT,2005,71.761,
ESTAT:T2020_RD320(1.0),14/04/22 11:00:00,A,TOTAL,PC,AT,2006,72.257,
ESTAT:T2020_RD320(1.0),14/04/22 11:00:00,A,TOTAL,PC,AT,2007,68.480,
ESTAT:T2020_RD320(1.0),14/04/22 11:00:00,A,TOTAL,PC,AT,2008,68.738,
ESTAT:T2020_RD320(1.0),14/04/22 11:00:00,A,TOTAL,PC,AT,2009,65.121,
ESTAT:T2020_RD320(1.0),14/04/22 11:00:00,A,TOTAL,PC,AT,2010,62.779,
ESTAT:T2020_RD320(1.0),14/04/22 11:00:00,A,TOTAL,PC,AT,2011,69.976,
ESTAT:T2020_RD320(1.0),14/04/22 11:00:00,A,TOTAL,PC,AT,2012,63.782,
ESTAT:T2020_RD320(1.0),14/04/22 11:00:00,A,TOTAL,PC,AT,2013,61.261,
ESTAT:T2020_RD320(1.0),14/04/22 11:00:00,A,TOTAL,PC,AT,2014,65.620,
ESTAT:T2020_RD320(1.0),14/04/22 11:00:00,A,TOTAL,PC,AT,2015,60.371,
ESTAT:T2020_RD320(1.0),14/04/22 11:00:00,A,TOTAL,PC,AT,2016,62.099,
ESTAT:T2020_RD320(1.0),14/04/22 11:00:00,A,TOTAL,PC,AT,2017,63.928,
ESTAT:T2020_RD320(1.0),14/04/22 11:00:00,A,TOTAL,PC,AT,2018,64.231,
ESTAT:T2020_RD320(1.0),14/04/22 11:00:00,A,TOTAL,PC,AT,2019,71.623,
ESTAT:T2020_RD320(1.0),14/04/22 11:00:00,A,TOTAL,PC,AT,2020,58.324,
ESTAT:T2020_RD320(1.0),14/04/22 11:00:00,A,TOTAL,PC,BA,2014,28.209,
ESTAT:T2020_RD320(1.0),14/04/22 11:00:00,A,TOTAL,PC,BA,2015,33.693,
ESTAT:T2020_RD320(1.0),14/04/22 11:00:00,A,TOTAL,PC,BA,2016,31.518,
ESTAT:T2020_RD320(1.0),14/04/22 11:00:00,A,TOTAL,PC,BA,2017,34.031,
ESTAT:T2020_RD320(1.0),14/04/22 11:00:00,A,TOTAL,PC,BA,2018,24.263,
ESTAT:T2020_RD320(1.0),14/04/22 11:00:00,A,TOTAL,PC,BA,2019,27.377,
ESTAT:T2020_RD320(1.0),14/04/22 11:00:00,A,TOTAL,PC,BA,2020,25.401,
ESTAT:T2020_RD320(1.0),14/04/22 11:00:00,A,TOTAL,PC,BE,1990,75.267,
ESTAT:T2020_RD320(1.0),14/04/22 11:00:00,A,TOTAL,PC,BE,1991,77.077,
ESTAT:T2020_RD320(1.0),14/04/22 11:00:00,A,TOTAL,PC,BE,1992,78.167,
ESTAT:T2020_RD320(1.0),14/04/22 11:00:00,A,TOTAL,PC,BE,1993,76.775,
ESTAT:T2020_RD320(1.0),14/04/22 11:00:00,A,TOTAL,PC,BE,1994,79.863,
ESTAT:T2020_RD320(1.0),14/04/22 11:00:00,A,TOTAL,PC,BE,1995,80.952,
ESTAT:T2020_RD320(1.0),14/04/22 11:00:00,A,TOTAL,PC,BE,1996,80.543,
ESTAT:T2020_RD320(1.0),14/04/22 11:00:00,A,TOTAL,PC,BE,1997,78.419,
ESTAT:T2020_RD320(1.0),14/04/22 11:00:00,A,TOTAL,PC,BE,1998,80.851,
ESTAT:T2020_RD320(1.0),14/04/22 11:00:00,A,TOTAL,PC,BE,1999,77.028,
ESTAT:T2020_RD320(1.0),14/04/22 11:00:00,A,TOTAL,PC,BE,2000,78.164,
ESTAT:T2020_RD320(1.0),14/04/22 11:00:00,A,TOTAL,PC,BE,2001,80.693,
ESTAT:T2020_RD320(1.0),14/04/22 11:00:00,A,TOTAL,PC,BE,2002,77.667,
ESTAT:T2020_RD320(1.0),14/04/22 11:00:00,A,TOTAL,PC,BE,2003,79.704,
ESTAT:T2020_RD320(1.0),14/04/22 11:00:00,A,TOTAL,PC,BE,2004,79.773,
ESTAT:T2020_RD320(1.0),14/04/22 11:00:00,A,TOTAL,PC,BE,2005,79.908,
ESTAT:T2020_RD320(1.0),14/04/22 11:00:00,A,TOTAL,PC,BE,2006,79.484,
ESTAT:T2020_RD320(1.0),14/04/22 11:00:00,A,TOTAL,PC,BE,2007,76.879,
ESTAT:T2020_RD320(1.0),14/04/22 11:00:00,A,TOTAL,PC,BE,2008,80.843,
ESTAT:T2020_RD320(1.0),14/04/22 11:00:00,A,TOTAL,PC,BE,2009,75.913,
ESTAT:T2020_RD320(1.0),14/04/22 11:00:00,A,TOTAL,PC,BE,2010,78.553,
ESTAT:T2020_RD320(1.0),14/04/22 11:00:00,A,TOTAL,PC,BE,2011,76.463,
ESTAT:T2020_RD320(1.0),14/04/22 11:00:00,A,TOTAL,PC,BE,2012,76.564,
ESTAT:T2020_RD320(1.0),14/04/22 11:00:00,A,TOTAL,PC,BE,2013,77.777,
ESTAT:T2020_RD320(1.0),14/04/22 11:00:00,A,TOTAL,PC,BE,2014,80.102,
ESTAT:T2020_RD320(1.0),14/04/22 11:00:00,A,TOTAL,PC,BE,2015,84.146,
ESTAT:T2020_RD320(1.0),14/04/22 11:00:00,A,TOTAL,PC,BE,2016,75.890,
ESTAT:T2020_RD320(1.0),14/04/22 11:00:00,A,TOTAL,PC,BE,2017,75.257,
ESTAT:T2020_RD320(1.0),14/04/22 11:00:00,A,TOTAL,PC,BE,2018,82.969,
ESTAT:T2020_RD320(1.0),14/04/22 11:00:00,A,TOTAL,PC,BE,2019,77.592,
ESTAT:T2020_RD320(1.0),14/04/22 11:00:00,A,TOTAL,PC,BE,2020,78.055,
ESTAT:T2020_RD320(1.0),14/04/22 11:00:00,A,TOTAL,PC,BG,1990,63.429,
ESTAT:T2020_RD320(1.0),14/04/22 11:00:00,A,TOTAL,PC,BG,1991,63.208,
ESTAT:T2020_RD320(1.0),14/04/22 11:00:00,A,TOTAL,PC,BG,1992,56.599,
ESTAT:T2020_RD320(1.0),14/04/22 11:00:00,A,TOTAL,PC,BG,1993,58.613,
ESTAT:T2020_RD320(1.0),14/04/22 11:00:00,A,TOTAL,PC,BG,1994,55.346,
ESTAT:T2020_RD320(1.0),14/04/22 11:00:00,A,TOTAL,PC,BG,1995,57.318,
ESTAT:T2020_RD320(1.0),14/04/22 11:00:00,A,TOTAL,PC,BG,1996,56.403,
ESTAT:T2020_RD320(1.0),14/04/22 11:00:00,A,TOTAL,PC,BG,1997,51.221,
ESTAT:T2020_RD320(1.0),14/04/22 11:00:00,A,TOTAL,PC,BG,1998,50.259,
ESTAT:T2020_RD320(1.0),14/04/22 11:00:00,A,TOTAL,PC,BG,1999,48.593,
ESTAT:T2020_RD320(1.0),14/04/22 11:00:00,A,TOTAL,PC,BG,2000,46.409,
ESTAT:T2020_RD320(1.0),14/04/22 11:00:00,A,TOTAL,PC,BG,2001,46.199,
ESTAT:T2020_RD320(1.0),14/04/22 11:00:00,A,TOTAL,PC,BG,2002,46.917,
ESTAT:T2020_RD320(1.0),14/04/22 11:00:00,A,TOTAL,PC,BG,2003,46.650,
ESTAT:T2020_RD320(1.0),14/04/22 11:00:00,A,TOTAL,PC,BG,2004,48.340,
ESTAT:T2020_RD320(1.0),14/04/22 11:00:00,A,TOTAL,PC,BG,2005,47.343,
ESTAT:T2020_RD320(1.0),14/04/22 11:00:00,A,TOTAL,PC,BG,2006,46.223,
ESTAT:T2020_RD320(1.0),14/04/22 11:00:00,A,TOTAL,PC,BG,2007,51.233,
ESTAT:T2020_RD320(1.0),14/04/22 11:00:00,A,TOTAL,PC,BG,2008,52.154,
ESTAT:T2020_RD320(1.0),14/04/22 11:00:00,A,TOTAL,PC,BG,2009,45.393,
ESTAT:T2020_RD320(1.0),14/04/22 11:00:00,A,TOTAL,PC,BG,2010,40.146,
ESTAT:T2020_RD320(1.0),14/04/22 11:00:00,A,TOTAL,PC,BG,2011,36.732,
ESTAT:T2020_RD320(1.0),14/04/22 11:00:00,A,TOTAL,PC,BG,2012,36.853,
ESTAT:T2020_RD320(1.0),14/04/22 11:00:00,A,TOTAL,PC,BG,2013,38.319,
ESTAT:T2020_RD320(1.0),14/04/22 11:00:00,A,TOTAL,PC,BG,2014,35.172,
ESTAT:T2020_RD320(1.0),14/04/22 11:00:00,A,TOTAL,PC,BG,2015,36.446,
ESTAT:T2020_RD320(1.0),14/04/22 11:00:00,A,TOTAL,PC,BG,2016,38.472,
ESTAT:T2020_RD320(1.0),14/04/22 11:00:00,A,TOTAL,PC,BG,2017,39.362,
ESTAT:T2020_RD320(1.0),14/04/22 11:00:00,A,TOTAL,PC,BG,2018,36.325,
ESTAT:T2020_RD320(1.0),14/04/22 11:00:00,A,TOTAL,PC,BG,2019,38.104,
ESTAT:T2020_RD320(1.0),14/04/22 11:00:00,A,TOTAL,PC,BG,2020,37.882,
ESTAT:T2020_RD320(1.0),14/04/22 11:00:00,A,TOTAL,PC,CY,1990,98.295,
ESTAT:T2020_RD320(1.0),14/04/22 11:00:00,A,TOTAL,PC,CY,1991,100.745,
ESTAT:T2020_RD320(1.0),14/04/22 11:00:00,A,TOTAL,PC,CY,1992,99.859,
ESTAT:T2020_RD320(1.0),14/04/22 11:00:00,A,TOTAL,PC,CY,1993,103.636,
ESTAT:T2020_RD320(1.0),14/04/22 11:00:00,A,TOTAL,PC,CY,1994,97.006,
ESTAT:T2020_RD320(1.0),14/04/22 11:00:00,A,TOTAL,PC,CY,1995,100.480,
ESTAT:T2020_RD320(1.0),14/04/22 11:00:00,A,TOTAL,PC,CY,1996,98.175,
ESTAT:T2020_RD320(1.0),14/04/22 11:00:00,A,TOTAL,PC,CY,1997,97.716,
ESTAT:T2020_RD320(1.0),14/04/22 11:00:00,A,TOTAL,PC,CY,1998,96.799,
ESTAT:T2020_RD320(1.0),14/04/22 11:00:00,A,TOTAL,PC,CY,1999,101.907,
ESTAT:T2020_RD320(1.0),14/04/22 11:00:00,A,TOTAL,PC,CY,2000,98.632,
ESTAT:T2020_RD320(1.0),14/04/22 11:00:00,A,TOTAL,PC,CY,2001,96.075,
ESTAT:T2020_RD320(1.0),14/04/22 11:00:00,A,TOTAL,PC,CY,2002,100.557,
ESTAT:T2020_RD320(1.0),14/04/22 11:00:00,A,TOTAL,PC,CY,2003,96.074,
ESTAT:T2020_RD320(1.0),14/04/22 11:00:00,A,TOTAL,PC,CY,2004,95.457,
ESTAT:T2020_RD320(1.0),14/04/22 11:00:00,A,TOTAL,PC,CY,2005,100.703,
ESTAT:T2020_RD320(1.0),14/04/22 11:00:00,A,TOTAL,PC,CY,2006,102.508,
ESTAT:T2020_RD320(1.0),14/04/22 11:00:00,A,TOTAL,PC,CY,2007,95.894,
ESTAT:T2020_RD320(1.0),14/04/22 11:00:00,A,TOTAL,PC,CY,2008,97.540,
ESTAT:T2020_RD320(1.0),14/04/22 11:00:00,A,TOTAL,PC,CY,2009,96.130,
ESTAT:T2020_RD320(1.0),14/04/22 11:00:00,A,TOTAL,PC,CY,2010,100.636,
ESTAT:T2020_RD320(1.0),14/04/22 11:00:00,A,TOTAL,PC,CY,2011,92.263,
ESTAT:T2020_RD320(1.0),14/04/22 11:00:00,A,TOTAL,PC,CY,2012,96.748,
ESTAT:T2020_RD320(1.0),14/04/22 11:00:00,A,TOTAL,PC,CY,2013,96.071,
ESTAT:T2020_RD320(1.0),14/04/22 11:00:00,A,TOTAL,PC,CY,2014,93.086,
ESTAT:T2020_RD320(1.0),14/04/22 11:00:00,A,TOTAL,PC,CY,2015,97.319,
ESTAT:T2020_RD320(1.0),14/04/22 11:00:00,A,TOTAL,PC,CY,2016,95.841,
ESTAT:T2020_RD320(1.0),14/04/22 11:00:00,A,TOTAL,PC,CY,2017,95.927,
ESTAT:T2020_RD320(1.0),14/04/22 11:00:00,A,TOTAL,PC,CY,2018,92.491,
ESTAT:T2020_RD320(1.0),14/04/22 11:00:00,A,TOTAL,PC,CY,2019,92.792,
ESTAT:T2020_RD320(1.0),14/04/22 11:00:00,A,TOTAL,PC,CY,2020,93.077,
ESTAT:T2020_RD320(1.0),14/04/22 11:00:00,A,TOTAL,PC,CZ,1990,15.179,
ESTAT:T2020_RD320(1.0),14/04/22 11:00:00,A,TOTAL,PC,CZ,1991,15.609,
ESTAT:T2020_RD320(1.0),14/04/22 11:00:00,A,TOTAL,PC,CZ,1992,15.701,
ESTAT:T2020_RD320(1.0),14/04/22 11:00:00,A,TOTAL,PC,CZ,1993,15.836,
ESTAT:T2020_RD320(1.0),14/04/22 11:00:00,A,TOTAL,PC,CZ,1994,18.641,
ESTAT:T2020_RD320(1.0),14/04/22 11:00:00,A,TOTAL,PC,CZ,1995,20.454,
ESTAT:T2020_RD320(1.0),14/04/22 11:00:00,A,TOTAL,PC,CZ,1996,24.186,
ESTAT:T2020_RD320(1.0),14/04/22 11:00:00,A,TOTAL,PC,CZ,1997,24.032,
ESTAT:T2020_RD320(1.0),14/04/22 11:00:00,A,TOTAL,PC,CZ,1998,25.024,
ESTAT:T2020_RD320(1.0),14/04/22 11:00:00,A,TOTAL,PC,CZ,1999,24.971,
ESTAT:T2020_RD320(1.0),14/04/22 11:00:00,A,TOTAL,PC,CZ,2000,22.704,
ESTAT:T2020_RD320(1.0),14/04/22 11:00:00,A,TOTAL,PC,CZ,2001,25.012,
ESTAT:T2020_RD320(1.0),14/04/22 11:00:00,A,TOTAL,PC,CZ,2002,26.204,
ESTAT:T2020_RD320(1.0),14/04/22 11:00:00,A,TOTAL,PC,CZ,2003,24.929,
ESTAT:T2020_RD320(1.0),14/04/22 11:00:00,A,TOTAL,PC,CZ,2004,25.338,
ESTAT:T2020_RD320(1.0),14/04/22 11:00:00,A,TOTAL,PC,CZ,2005,27.846,
ESTAT:T2020_RD320(1.0),14/04/22 11:00:00,A,TOTAL,PC,CZ,2006,27.498,
ESTAT:T2020_RD320(1.0),14/04/22 11:00:00,A,TOTAL,PC,CZ,2007,24.989,
ESTAT:T2020_RD320(1.0),14/04/22 11:00:00,A,TOTAL,PC,CZ,2008,27.736,
ESTAT:T2020_RD320(1.0),14/04/22 11:00:00,A,TOTAL,PC,CZ,2009,26.866,
ESTAT:T2020_RD320(1.0),14/04/22 11:00:00,A,TOTAL,PC,CZ,2010,25.379,
ESTAT:T2020_RD320(1.0),14/04/22 11:00:00,A,TOTAL,PC,CZ,2011,28.831,
ESTAT:T2020_RD320(1.0),14/04/22 11:00:00,A,TOTAL,PC,CZ,2012,25.413,
ESTAT:T2020_RD320(1.0),14/04/22 11:00:00,A,TOTAL,PC,CZ,2013,27.580,
ESTAT:T2020_RD320(1.0),14/04/22 11:00:00,A,TOTAL,PC,CZ,2014,30.227,
ESTAT:T2020_RD320(1.0),14/04/22 11:00:00,A,TOTAL,PC,CZ,2015,32.089,
ESTAT:T2020_RD320(1.0),14/04/22 11:00:00,A,TOTAL,PC,CZ,2016,32.800,
ESTAT:T2020_RD320(1.0),14/04/22 11:00:00,A,TOTAL,PC,CZ,2017,37.162,
ESTAT:T2020_RD320(1.0),14/04/22 11:00:00,A,TOTAL,PC,CZ,2018,36.879,
ESTAT:T2020_RD320(1.0),14/04/22 11:00:00,A,TOTAL,PC,CZ,2019,40.822,
ESTAT:T2020_RD320(1.0),14/04/22 11:00:00,A,TOTAL,PC,CZ,2020,38.898,
ESTAT:T2020_RD320(1.0),14/04/22 11:00:00,A,TOTAL,PC,DE,1990,46.527,
ESTAT:T2020_RD320(1.0),14/04/22 11:00:00,A,TOTAL,PC,DE,1991,51.568,
ESTAT:T2020_RD320(1.0),14/04/22 11:00:00,A,TOTAL,PC,DE,1992,54.514,
ESTAT:T2020_RD320(1.0),14/04/22 11:00:00,A,TOTAL,PC,DE,1993,55.429,
ESTAT:T2020_RD320(1.0),14/04/22 11:00:00,A,TOTAL,PC,DE,1994,56.686,
ESTAT:T2020_RD320(1.0),14/04/22 11:00:00,A,TOTAL,PC,DE,1995,56.749,
ESTAT:T2020_RD320(1.0),14/04/22 11:00:00,A,TOTAL,PC,DE,1996,58.669,
ESTAT:T2020_RD320(1.0),14/04/22 11:00:00,A,TOTAL,PC,DE,1997,59.336,
ESTAT:T2020_RD320(1.0),14/04/22 11:00:00,A,TOTAL,PC,DE,1998,60.969,
ESTAT:T2020_RD320(1.0),14/04/22 11:00:00,A,TOTAL,PC,DE,1999,59.243,
ESTAT:T2020_RD320(1.0),14/04/22 11:00:00,A,TOTAL,PC,DE,2000,59.441,
ESTAT:T2020_RD320(1.0),14/04/22 11:00:00,A,TOTAL,PC,DE,2001,60.891,
ESTAT:T2020_RD320(1.0),14/04/22 11:00:00,A,TOTAL,PC,DE,2002,60.126,
ESTAT:T2020_RD320(1.0),14/04/22 11:00:00,A,TOTAL,PC,DE,2003,60.540,
ESTAT:T2020_RD320(1.0),14/04/22 11:00:00,A,TOTAL,PC,DE,2004,61.158,
ESTAT:T2020_RD320(1.0),14/04/22 11:00:00,A,TOTAL,PC,DE,2005,60.740,
ESTAT:T2020_RD320(1.0),14/04/22 11:00:00,A,TOTAL,PC,DE,2006,60.981,
ESTAT:T2020_RD320(1.0),14/04/22 11:00:00,A,TOTAL,PC,DE,2007,58.516,
ESTAT:T2020_RD320(1.0),14/04/22 11:00:00,A,TOTAL,PC,DE,2008,60.769,
ESTAT:T2020_RD320(1.0),14/04/22 11:00:00,A,TOTAL,PC,DE,2009,61.103,
ESTAT:T2020_RD320(1.0),14/04/22 11:00:00,A,TOTAL,PC,DE,2010,59.992,
ESTAT:T2020_RD320(1.0),14/04/22 11:00:00,A,TOTAL,PC,DE,2011,61.801,
ESTAT:T2020_RD320(1.0),14/04/22 11:00:00,A,TOTAL,PC,DE,2012,61.215,
ESTAT:T2020_RD320(1.0),14/04/22 11:00:00,A,TOTAL,PC,DE,2013,62.411,
ESTAT:T2020_RD320(1.0),14/04/22 11:00:00,A,TOTAL,PC,DE,2014,61.779,
ESTAT:T2020_RD320(1.0),14/04/22 11:00:00,A,TOTAL,PC,DE,2015,62.132,
ESTAT:T2020_RD320(1.0),14/04/22 11:00:00,A,TOTAL,PC,DE,2016,63.752,
ESTAT:T2020_RD320(1.0),14/04/22 11:00:00,A,TOTAL,PC,DE,2017,63.959,
ESTAT:T2020_RD320(1.0),14/04/22 11:00:00,A,TOTAL,PC,DE,2018,63.478,
ESTAT:T2020_RD320(1.0),14/04/22 11:00:00,A,TOTAL,PC,DE,2019,67.055,
ESTAT:T2020_RD320(1.0),14/04/22 11:00:00,A,TOTAL,PC,DE,2020,63.711,
ESTAT:T2020_RD320(1.0),14/04/22 11:00:00,A,TOTAL,PC,DK,1990,45.496,
ESTAT:T2020_RD320(1.0),14/04/22 11:00:00,A,TOTAL,PC,DK,1991,39.612,
ESTAT:T2020_RD320(1.0),14/04/22 11:00:00,A,TOTAL,PC,DK,1992,36.956,
ESTAT:T2020_RD320(1.0),14/04/22 11:00:00,A,TOTAL,PC,DK,1993,27.272,
ESTAT:T2020_RD320(1.0),14/04/22 11:00:00,A,TOTAL,PC,DK,1994,27.210,
ESTAT:T2020_RD320(1.0),14/04/22 11:00:00,A,TOTAL,PC,DK,1995,33.547,
ESTAT:T2020_RD320(1.0),14/04/22 11:00:00,A,TOTAL,PC,DK,1996,22.029,
ESTAT:T2020_RD320(1.0),14/04/22 11:00:00,A,TOTAL,PC,DK,1997,15.772,
ESTAT:T2020_RD320(1.0),14/04/22 11:00:00,A,TOTAL,PC,DK,1998,5.601,
ESTAT:T2020_RD320(1.0),14/04/22 11:00:00,A,TOTAL,PC,DK,1999,-16.882,
ESTAT:T2020_RD320(1.0),14/04/22 11:00:00,A,TOTAL,PC,DK,2000,-35.918,
ESTAT:T2020_RD320(1.0),14/04/22 11:00:00,A,TOTAL,PC,DK,2001,-28.630,
ESTAT:T2020_RD320(1.0),14/04/22 11:00:00,A,TOTAL,PC,DK,2002,-42.287,
ESTAT:T2020_RD320(1.0),14/04/22 11:00:00,A,TOTAL,PC,DK,2003,-31.541,
ESTAT:T2020_RD320(1.0),14/04/22 11:00:00,A,TOTAL,PC,DK,2004,-47.120,
ESTAT:T2020_RD320(1.0),14/04/22 11:00:00,A,TOTAL,PC,DK,2005,-50.618,
ESTAT:T2020_RD320(1.0),14/04/22 11:00:00,A,TOTAL,PC,DK,2006,-35.492,
ESTAT:T2020_RD320(1.0),14/04/22 11:00:00,A,TOTAL,PC,DK,2007,-24.247,
ESTAT:T2020_RD320(1.0),14/04/22 11:00:00,A,TOTAL,PC,DK,2008,-20.993,
ESTAT:T2020_RD320(1.0),14/04/22 11:00:00,A,TOTAL,PC,DK,2009,-19.937,
ESTAT:T2020_RD320(1.0),14/04/22 11:00:00,A,TOTAL,PC,DK,2010,-16.009,
ESTAT:T2020_RD320(1.0),14/04/22 11:00:00,A,TOTAL,PC,DK,2011,-5.965,
ESTAT:T2020_RD320(1.0),14/04/22 11:00:00,A,TOTAL,PC,DK,2012,-2.815,
ESTAT:T2020_RD320(1.0),14/04/22 11:00:00,A,TOTAL,PC,DK,2013,12.306,
ESTAT:T2020_RD320(1.0),14/04/22 11:00:00,A,TOTAL,PC,DK,2014,12.202,
ESTAT:T2020_RD320(1.0),14/04/22 11:00:00,A,TOTAL,PC,DK,2015,13.060,
ESTAT:T2020_RD320(1.0),14/04/22 11:00:00,A,TOTAL,PC,DK,2016,13.529,
ESTAT:T2020_RD320(1.0),14/04/22 11:00:00,A,TOTAL,PC,DK,2017,11.345,
ESTAT:T2020_RD320(1.0),14/04/22 11:00:00,A,TOTAL,PC,DK,2018,22.704,
ESTAT:T2020_RD320(1.0),14/04/22 11:00:00,A,TOTAL,PC,DK,2019,38.698,
ESTAT:T2020_RD320(1.0),14/04/22 11:00:00,A,TOTAL,PC,DK,2020,44.856,
ESTAT:T2020_RD320(1.0),14/04/22 11:00:00,A,TOTAL,PC,EA19,1990,57.157,
ESTAT:T2020_RD320(1.0),14/04/22 11:00:00,A,TOTAL,PC,EA19,1991,57.937,
ESTAT:T2020_RD320(1.0),14/04/22 11:00:00,A,TOTAL,PC,EA19,1992,59.464,
ESTAT:T2020_RD320(1.0),14/04/22 11:00:00,A,TOTAL,PC,EA19,1993,57.719,
ESTAT:T2020_RD320(1.0),14/04/22 11:00:00,A,TOTAL,PC,EA19,1994,58.957,
ESTAT:T2020_RD320(1.0),14/04/22 11:00:00,A,TOTAL,PC,EA19,1995,59.712,
ESTAT:T2020_RD320(1.0),14/04/22 11:00:00,A,TOTAL,PC,EA19,1996,59.844,
ESTAT:T2020_RD320(1.0),14/04/22 11:00:00,A,TOTAL,PC,EA19,1997,60.903,
ESTAT:T2020_RD320(1.0),14/04/22 11:00:00,A,TOTAL,PC,EA19,1998,62.762,
ESTAT:T2020_RD320(1.0),14/04/22 11:00:00,A,TOTAL,PC,EA19,1999,62.666,
ESTAT:T2020_RD320(1.0),14/04/22 11:00:00,A,TOTAL,PC,EA19,2000,64.096,
ESTAT:T2020_RD320(1.0),14/04/22 11:00:00,A,TOTAL,PC,EA19,2001,63.234,
ESTAT:T2020_RD320(1.0),14/04/22 11:00:00,A,TOTAL,PC,EA19,2002,63.816,
ESTAT:T2020_RD320(1.0),14/04/22 11:00:00,A,TOTAL,PC,EA19,2003,64.036,
ESTAT:T2020_RD320(1.0),14/04/22 11:00:00,A,TOTAL,PC,EA19,2004,64.129,
ESTAT:T2020_RD320(1.0),14/04/22 11:00:00,A,TOTAL,PC,EA19,2005,65.033,
ESTAT:T2020_RD320(1.0),14/04/22 11:00:00,A,TOTAL,PC,EA19,2006,65.436,
ESTAT:T2020_RD320(1.0),14/04/22 11:00:00,A,TOTAL,PC,EA19,2007,63.598,
ESTAT:T2020_RD320(1.0),14/04/22 11:00:00,A,TOTAL,PC,EA19,2008,64.439,
ESTAT:T2020_RD320(1.0),14/04/22 11:00:00,A,TOTAL,PC,EA19,2009,63.302,
ESTAT:T2020_RD320(1.0),14/04/22 11:00:00,A,TOTAL,PC,EA19,2010,61.803,
ESTAT:T2020_RD320(1.0),14/04/22 11:00:00,A,TOTAL,PC,EA19,2011,62.440,
ESTAT:T2020_RD320(1.0),14/04/22 11:00:00,A,TOTAL,PC,EA19,2012,61.035,
ESTAT:T2020_RD320(1.0),14/04/22 11:00:00,A,TOTAL,PC,EA19,2013,59.899,
ESTAT:T2020_RD320(1.0),14/04/22 11:00:00,A,TOTAL,PC,EA19,2014,60.164,
ESTAT:T2020_RD320(1.0),14/04/22 11:00:00,A,TOTAL,PC,EA19,2015,62.170,
ESTAT:T2020_RD320(1.0),14/04/22 11:00:00,A,TOTAL,PC,EA19,2016,61.953,
ESTAT:T2020_RD320(1.0),14/04/22 11:00:00,A,TOTAL,PC,EA19,2017,63.109,
ESTAT:T2020_RD320(1.0),14/04/22 11:00:00,A,TOTAL,PC,EA19,2018,63.362,
ESTAT:T2020_RD320(1.0),14/04/22 11:00:00,A,TOTAL,PC,EA19,2019,65.193,
ESTAT:T2020_RD320(1.0),14/04/22 11:00:00,A,TOTAL,PC,EA19,2020,62.075,
ESTAT:T2020_RD320(1.0),14/04/22 11:00:00,A,TOTAL,PC,EE,1990,41.000,
ESTAT:T2020_RD320(1.0),14/04/22 11:00:00,A,TOTAL,PC,EE,1991,38.896,
ESTAT:T2020_RD320(1.0),14/04/22 11:00:00,A,TOTAL,PC,EE,1992,35.564,
ESTAT:T2020_RD320(1.0),14/04/22 11:00:00,A,TOTAL,PC,EE,1993,36.799,
ESTAT:T2020_RD320(1.0),14/04/22 11:00:00,A,TOTAL,PC,EE,1994,34.485,
ESTAT:T2020_RD320(1.0),14/04/22 11:00:00,A,TOTAL,PC,EE,1995,32.967,
ESTAT:T2020_RD320(1.0),14/04/22 11:00:00,A,TOTAL,PC,EE,1996,30.356,
ESTAT:T2020_RD320(1.0),14/04/22 11:00:00,A,TOTAL,PC,EE,1997,30.431,
ESTAT:T2020_RD320(1.0),14/04/22 11:00:00,A,TOTAL,PC,EE,1998,37.701,
ESTAT:T2020_RD320(1.0),14/04/22 11:00:00,A,TOTAL,PC,EE,1999,35.152,
ESTAT:T2020_RD320(1.0),14/04/22 11:00:00,A,TOTAL,PC,EE,2000,33.984,
ESTAT:T2020_RD320(1.0),14/04/22 11:00:00,A,TOTAL,PC,EE,2001,33.740,
ESTAT:T2020_RD320(1.0),14/04/22 11:00:00,A,TOTAL,PC,EE,2002,32.106,
ESTAT:T2020_RD320(1.0),14/04/22 11:00:00,A,TOTAL,PC,EE,2003,29.768,
ESTAT:T2020_RD320(1.0),14/04/22 11:00:00,A,TOTAL,PC,EE,2004,30.108,
ESTAT:T2020_RD320(1.0),14/04/22 11:00:00,A,TOTAL,PC,EE,2005,26.879,
ESTAT:T2020_RD320(1.0),14/04/22 11:00:00,A,TOTAL,PC,EE,2006,30.031,
ESTAT:T2020_RD320(1.0),14/04/22 11:00:00,A,TOTAL,PC,EE,2007,24.291,
ESTAT:T2020_RD320(1.0),14/04/22 11:00:00,A,TOTAL,PC,EE,2008,27.215,
ESTAT:T2020_RD320(1.0),14/04/22 11:00:00,A,TOTAL,PC,EE,2009,27.171,
ESTAT:T2020_RD320(1.0),14/04/22 11:00:00,A,TOTAL,PC,EE,2010,14.680,
ESTAT:T2020_RD320(1.0),14/04/22 11:00:00,A,TOTAL,PC,EE,2011,13.646,
ESTAT:T2020_RD320(1.0),14/04/22 11:00:00,A,TOTAL,PC,EE,2012,20.647,
ESTAT:T2020_RD320(1.0),14/04/22 11:00:00,A,TOTAL,PC,EE,2013,14.522,
ESTAT:T2020_RD320(1.0),14/04/22 11:00:00,A,TOTAL,PC,EE,2014,11.562,
ESTAT:T2020_RD320(1.0),14/04/22 11:00:00,A,TOTAL,PC,EE,2015,11.181,
ESTAT:T2020_RD320(1.0),14/04/22 11:00:00,A,TOTAL,PC,EE,2016,8.069,
ESTAT:T2020_RD320(1.0),14/04/22 11:00:00,A,TOTAL,PC,EE,2017,4.584,
ESTAT:T2020_RD320(1.0),14/04/22 11:00:00,A,TOTAL,PC,EE,2018,1.229,
ESTAT:T2020_RD320(1.0),14/04/22 11:00:00,A,TOTAL,PC,EE,2019,4.838,
ESTAT:T2020_RD320(1.0),14/04/22 11:00:00,A,TOTAL,PC,EE,2020,10.502,
ESTAT:T2020_RD320(1.0),14/04/22 11:00:00,A,TOTAL,PC,EL,1990,61.852,
ESTAT:T2020_RD320(1.0),14/04/22 11:00:00,A,TOTAL,PC,EL,1991,63.096,
ESTAT:T2020_RD320(1.0),14/04/22 11:00:00,A,TOTAL,PC,EL,1992,68.830,
ESTAT:T2020_RD320(1.0),14/04/22 11:00:00,A,TOTAL,PC,EL,1993,66.386,
ESTAT:T2020_RD320(1.0),14/04/22 11:00:00,A,TOTAL,PC,EL,1994,58.450,
ESTAT:T2020_RD320(1.0),14/04/22 11:00:00,A,TOTAL,PC,EL,1995,66.465,
ESTAT:T2020_RD320(1.0),14/04/22 11:00:00,A,TOTAL,PC,EL,1996,67.858,
ESTAT:T2020_RD320(1.0),14/04/22 11:00:00,A,TOTAL,PC,EL,1997,67.206,
ESTAT:T2020_RD320(1.0),14/04/22 11:00:00,A,TOTAL,PC,EL,1998,69.756,
ESTAT:T2020_RD320(1.0),14/04/22 11:00:00,A,TOTAL,PC,EL,1999,65.670,
ESTAT:T2020_RD320(1.0),14/04/22 11:00:00,A,TOTAL,PC,EL,2000,69.055,
ESTAT:T2020_RD320(1.0),14/04/22 11:00:00,A,TOTAL,PC,EL,2001,68.495,
ESTAT:T2020_RD320(1.0),14/04/22 11:00:00,A,TOTAL,PC,EL,2002,71.063,
ESTAT:T2020_RD320(1.0),14/04/22 11:00:00,A,TOTAL,PC,EL,2003,67.088,
ESTAT:T2020_RD320(1.0),14/04/22 11:00:00,A,TOTAL,PC,EL,2004,72.259,
ESTAT:T2020_RD320(1.0),14/04/22 11:00:00,A,TOTAL,PC,EL,2005,68.203,
ESTAT:T2020_RD320(1.0),14/04/22 11:00:00,A,TOTAL,PC,EL,2006,71.419,
ESTAT:T2020_RD320(1.0),14/04/22 11:00:00,A,TOTAL,PC,EL,2007,70.858,
ESTAT:T2020_RD320(1.0),14/04/22 11:00:00,A,TOTAL,PC,EL,2008,72.915,
ESTAT:T2020_RD320(1.0),14/04/22 11:00:00,A,TOTAL,PC,EL,2009,67.341,
ESTAT:T2020_RD320(1.0),14/04/22 11:00:00,A,TOTAL,PC,EL,2010,68.584,
ESTAT:T2020_RD320(1.0),14/04/22 11:00:00,A,TOTAL,PC,EL,2011,64.677,
ESTAT:T2020_RD320(1.0),14/04/22 11:00:00,A,TOTAL,PC,EL,2012,65.889,
ESTAT:T2020_RD320(1.0),14/04/22 11:00:00,A,TOTAL,PC,EL,2013,61.750,
ESTAT:T2020_RD320(1.0),14/04/22 11:00:00,A,TOTAL,PC,EL,2014,65.455,
ESTAT:T2020_RD320(1.0),14/04/22 11:00:00,A,TOTAL,PC,EL,2015,71.047,
ESTAT:T2020_RD320(1.0),14/04/22 11:00:00,A,TOTAL,PC,EL,2016,72.911,
ESTAT:T2020_RD320(1.0),14/04/22 11:00:00,A,TOTAL,PC,EL,2017,71.282,
ESTAT:T2020_RD320(1.0),14/04/22 11:00:00,A,TOTAL,PC,EL,2018,70.681,
ESTAT:T2020_RD320(1.0),14/04/22 11:00:00,A,TOTAL,PC,EL,2019,74.103,
ESTAT:T2020_RD320(1.0),14/04/22 11:00:00,A,TOTAL,PC,EL,2020,81.415,
ESTAT:T2020_RD320(1.0),14/04/22 11:00:00,A,TOTAL,PC,ES,1990,62.728,
ESTAT:T2020_RD320(1.0),14/04/22 11:00:00,A,TOTAL,PC,ES,1991,63.286,
ESTAT:T2020_RD320(1.0),14/04/22 11:00:00,A,TOTAL,PC,ES,1992,66.213,
ESTAT:T2020_RD320(1.0),14/04/22 11:00:00,A,TOTAL,PC,ES,1993,65.318,
ESTAT:T2020_RD320(1.0),14/04/22 11:00:00,A,TOTAL,PC,ES,1994,67.598,
ESTAT:T2020_RD320(1.0),14/04/22 11:00:00,A,TOTAL,PC,ES,1995,71.893,
ESTAT:T2020_RD320(1.0),14/04/22 11:00:00,A,TOTAL,PC,ES,1996,70.628,
ESTAT:T2020_RD320(1.0),14/04/22 11:00:00,A,TOTAL,PC,ES,1997,71.517,
ESTAT:T2020_RD320(1.0),14/04/22 11:00:00,A,TOTAL,PC,ES,1998,74.514,
ESTAT:T2020_RD320(1.0),14/04/22 11:00:00,A,TOTAL,PC,ES,1999,76.749,
ESTAT:T2020_RD320(1.0),14/04/22 11:00:00,A,TOTAL,PC,ES,2000,76.797,
ESTAT:T2020_RD320(1.0),14/04/22 11:00:00,A,TOTAL,PC,ES,2001,74.797,
ESTAT:T2020_RD320(1.0),14/04/22 11:00:00,A,TOTAL,PC,ES,2002,78.642,
ESTAT:T2020_RD320(1.0),14/04/22 11:00:00,A,TOTAL,PC,ES,2003,76.738,
ESTAT:T2020_RD320(1.0),14/04/22 11:00:00,A,TOTAL,PC,ES,2004,77.652,
ESTAT:T2020_RD320(1.0),14/04/22 11:00:00,A,TOTAL,PC,ES,2005,81.534,
ESTAT:T2020_RD320(1.0),14/04/22 11:00:00,A,TOTAL,PC,ES,2006,81.505,
ESTAT:T2020_RD320(1.0),14/04/22 11:00:00,A,TOTAL,PC,ES,2007,79.560,
ESTAT:T2020_RD320(1.0),14/04/22 11:00:00,A,TOTAL,PC,ES,2008,81.605,
ESTAT:T2020_RD320(1.0),14/04/22 11:00:00,A,TOTAL,PC,ES,2009,79.549,
ESTAT:T2020_RD320(1.0),14/04/22 11:00:00,A,TOTAL,PC,ES,2010,77.003,
ESTAT:T2020_RD320(1.0),14/04/22 11:00:00,A,TOTAL,PC,ES,2011,76.012,
ESTAT:T2020_RD320(1.0),14/04/22 11:00:00,A,TOTAL,PC,ES,2012,72.798,
ESTAT:T2020_RD320(1.0),14/04/22 11:00:00,A,TOTAL,PC,ES,2013,69.997,
ESTAT:T2020_RD320(1.0),14/04/22 11:00:00,A,TOTAL,PC,ES,2014,72.557,
ESTAT:T2020_RD320(1.0),14/04/22 11:00:00,A,TOTAL,PC,ES,2015,72.741,
ESTAT:T2020_RD320(1.0),14/04/22 11:00:00,A,TOTAL,PC,ES,2016,71.486,
ESTAT:T2020_RD320(1.0),14/04/22 11:00:00,A,TOTAL,PC,ES,2017,73.886,
ESTAT:T2020_RD320(1.0),14/04/22 11:00:00,A,TOTAL,PC,ES,2018,73.613,
ESTAT:T2020_RD320(1.0),14/04/22 11:00:00,A,TOTAL,PC,ES,2019,75.032,
ESTAT:T2020_RD320(1.0),14/04/22 11:00:00,A,TOTAL,PC,ES,2020,67.890,
ESTAT:T2020_RD320(1.0),14/04/22 11:00:00,A,TOTAL,PC,EU27_2020,1990,50.022,
ESTAT:T2020_RD320(1.0),14/04/22 11:00:00,A,TOTAL,PC,EU27_2020,1991,50.437,
ESTAT:T2020_RD320(1.0),14/04/22 11:00:00,A,TOTAL,PC,EU27_2020,1992,51.727,
ESTAT:T2020_RD320(1.0),14/04/22 11:00:00,A,TOTAL,PC,EU27_2020,1993,50.264,
ESTAT:T2020_RD320(1.0),14/04/22 11:00:00,A,TOTAL,PC,EU27_2020,1994,51.314,
ESTAT:T2020_RD320(1.0),14/04/22 11:00:00,A,TOTAL,PC,EU27_2020,1995,52.148,
ESTAT:T2020_RD320(1.0),14/04/22 11:00:00,A,TOTAL,PC,EU27_2020,1996,52.678,
ESTAT:T2020_RD320(1.0),14/04/22 11:00:00,A,TOTAL,PC,EU27_2020,1997,53.549,
ESTAT:T2020_RD320(1.0),14/04/22 11:00:00,A,TOTAL,PC,EU27_2020,1998,55.364,
ESTAT:T2020_RD320(1.0),14/04/22 11:00:00,A,TOTAL,PC,EU27_2020,1999,55.020,
ESTAT:T2020_RD320(1.0),14/04/22 11:00:00,A,TOTAL,PC,EU27_2020,2000,56.280,
ESTAT:T2020_RD320(1.0),14/04/22 11:00:00,A,TOTAL,PC,EU27_2020,2001,55.764,
ESTAT:T2020_RD320(1.0),14/04/22 11:00:00,A,TOTAL,PC,EU27_2020,2002,56.251,
ESTAT:T2020_RD320(1.0),14/04/22 11:00:00,A,TOTAL,PC,EU27_2020,2003,56.873,
ESTAT:T2020_RD320(1.0),14/04/22 11:00:00,A,TOTAL,PC,EU27_2020,2004,56.843,
ESTAT:T2020_RD320(1.0),14/04/22 11:00:00,A,TOTAL,PC,EU27_2020,2005,57.815,
ESTAT:T2020_RD320(1.0),14/04/22 11:00:00,A,TOTAL,PC,EU27_2020,2006,58.253,
ESTAT:T2020_RD320(1.0),14/04/22 11:00:00,A,TOTAL,PC,EU27_2020,2007,57.214,
ESTAT:T2020_RD320(1.0),14/04/22 11:00:00,A,TOTAL,PC,EU27_2020,2008,58.364,
ESTAT:T2020_RD320(1.0),14/04/22 11:00:00,A,TOTAL,PC,EU27_2020,2009,57.163,
ESTAT:T2020_RD320(1.0),14/04/22 11:00:00,A,TOTAL,PC,EU27_2020,2010,55.763,
ESTAT:T2020_RD320(1.0),14/04/22 11:00:00,A,TOTAL,PC,EU27_2020,2011,56.364,
ESTAT:T2020_RD320(1.0),14/04/22 11:00:00,A,TOTAL,PC,EU27_2020,2012,54.921,
ESTAT:T2020_RD320(1.0),14/04/22 11:00:00,A,TOTAL,PC,EU27_2020,2013,53.940,
ESTAT:T2020_RD320(1.0),14/04/22 11:00:00,A,TOTAL,PC,EU27_2020,2014,54.422,
ESTAT:T2020_RD320(1.0),14/04/22 11:00:00,A,TOTAL,PC,EU27_2020,2015,56.068,
ESTAT:T2020_RD320(1.0),14/04/22 11:00:00,A,TOTAL,PC,EU27_2020,2016,56.164,
ESTAT:T2020_RD320(1.0),14/04/22 11:00:00,A,TOTAL,PC,EU27_2020,2017,57.557,
ESTAT:T2020_RD320(1.0),14/04/22 11:00:00,A,TOTAL,PC,EU27_2020,2018,58.132,
ESTAT:T2020_RD320(1.0),14/04/22 11:00:00,A,TOTAL,PC,EU27_2020,2019,60.464,
ESTAT:T2020_RD320(1.0),14/04/22 11:00:00,A,TOTAL,PC,EU27_2020,2020,57.497,
ESTAT:T2020_RD320(1.0),14/04/22 11:00:00,A,TOTAL,PC,FI,1990,61.017,
ESTAT:T2020_RD320(1.0),14/04/22 11:00:00,A,TOTAL,PC,FI,1991,56.795,
ESTAT:T2020_RD320(1.0),14/04/22 11:00:00,A,TOTAL,PC,FI,1992,55.683,
ESTAT:T2020_RD320(1.0),14/04/22 11:00:00,A,TOTAL,PC,FI,1993,55.897,
ESTAT:T2020_RD320(1.0),14/04/22 11:00:00,A,TOTAL,PC,FI,1994,65.815,
ESTAT:T2020_RD320(1.0),14/04/22 11:00:00,A,TOTAL,PC,FI,1995,53.450,
ESTAT:T2020_RD320(1.0),14/04/22 11:00:00,A,TOTAL,PC,FI,1996,54.854,
ESTAT:T2020_RD320(1.0),14/04/22 11:00:00,A,TOTAL,PC,FI,1997,56.031,
ESTAT:T2020_RD320(1.0),14/04/22 11:00:00,A,TOTAL,PC,FI,1998,53.237,
ESTAT:T2020_RD320(1.0),14/04/22 11:00:00,A,TOTAL,PC,FI,1999,50.675,
ESTAT:T2020_RD320(1.0),14/04/22 11:00:00,A,TOTAL,PC,FI,2000,55.475,
ESTAT:T2020_RD320(1.0),14/04/22 11:00:00,A,TOTAL,PC,FI,2001,55.337,
ESTAT:T2020_RD320(1.0),14/04/22 11:00:00,A,TOTAL,PC,FI,2002,52.360,
ESTAT:T2020_RD320(1.0),14/04/22 11:00:00,A,TOTAL,PC,FI,2003,59.095,
ESTAT:T2020_RD320(1.0),14/04/22 11:00:00,A,TOTAL,PC,FI,2004,54.731,
ESTAT:T2020_RD320(1.0),14/04/22 11:00:00,A,TOTAL,PC,FI,2005,54.459,
ESTAT:T2020_RD320(1.0),14/04/22 11:00:00,A,TOTAL,PC,FI,2006,54.073,
ESTAT:T2020_RD320(1.0),14/04/22 11:00:00,A,TOTAL,PC,FI,2007,53.320,
ESTAT:T2020_RD320(1.0),14/04/22 11:00:00,A,TOTAL,PC,FI,2008,54.483,
ESTAT:T2020_RD320(1.0),14/04/22 11:00:00,A,TOTAL,PC,FI,2009,54.803,
ESTAT:T2020_RD320(1.0),14/04/22 11:00:00,A,TOTAL,PC,FI,2010,48.859,
ESTAT:T2020_RD320(1.0),14/04/22 11:00:00,A,TOTAL,PC,FI,2011,53.914,
ESTAT:T2020_RD320(1.0),14/04/22 11:00:00,A,TOTAL,PC,FI,2012,47.109,
ESTAT:T2020_RD320(1.0),14/04/22 11:00:00,A,TOTAL,PC,FI,2013,49.662,
ESTAT:T2020_RD320(1.0),14/04/22 11:00:00,A,TOTAL,PC,FI,2014,49.935,
ESTAT:T2020_RD320(1.0),14/04/22 11:00:00,A,TOTAL,PC,FI,2015,47.947,
ESTAT:T2020_RD320(1.0),14/04/22 11:00:00,A,TOTAL,PC,FI,2016,46.166,
ESTAT:T2020_RD320(1.0),14/04/22 11:00:00,A,TOTAL,PC,FI,2017,43.941,
ESTAT:T2020_RD320(1.0),14/04/22 11:00:00,A,TOTAL,PC,FI,2018,44.816,
ESTAT:T2020_RD320(1.0),14/04/22 11:00:00,A,TOTAL,PC,FI,2019,42.112,
ESTAT:T2020_RD320(1.0),14/04/22 11:00:00,A,TOTAL,PC,FI,2020,42.032,
ESTAT:T2020_RD320(1.0),14/04/22 11:00:00,A,TOTAL,PC,FR,1990,52.174,
ESTAT:T2020_RD320(1.0),14/04/22 11:00:00,A,TOTAL,PC,FR,1991,52.248,
ESTAT:T2020_RD320(1.0),14/04/22 11:00:00,A,TOTAL,PC,FR,1992,51.796,
ESTAT:T2020_RD320(1.0),14/04/22 11:00:00,A,TOTAL,PC,FR,1993,47.707,
ESTAT:T2020_RD320(1.0),14/04/22 11:00:00,A,TOTAL,PC,FR,1994,47.390,
ESTAT:T2020_RD320(1.0),14/04/22 11:00:00,A,TOTAL,PC,FR,1995,47.677,
ESTAT:T2020_RD320(1.0),14/04/22 11:00:00,A,TOTAL,PC,FR,1996,48.209,
ESTAT:T2020_RD320(1.0),14/04/22 11:00:00,A,TOTAL,PC,FR,1997,48.739,
ESTAT:T2020_RD320(1.0),14/04/22 11:00:00,A,TOTAL,PC,FR,1998,50.960,
ESTAT:T2020_RD320(1.0),14/04/22 11:00:00,A,TOTAL,PC,FR,1999,51.273,
ESTAT:T2020_RD320(1.0),14/04/22 11:00:00,A,TOTAL,PC,FR,2000,51.248,
ESTAT:T2020_RD320(1.0),14/04/22 11:00:00,A,TOTAL,PC,FR,2001,50.402,
ESTAT:T2020_RD320(1.0),14/04/22 11:00:00,A,TOTAL,PC,FR,2002,50.792,
ESTAT:T2020_RD320(1.0),14/04/22 11:00:00,A,TOTAL,PC,FR,2003,50.640,
ESTAT:T2020_RD320(1.0),14/04/22 11:00:00,A,TOTAL,PC,FR,2004,50.837,
ESTAT:T2020_RD320(1.0),14/04/22 11:00:00,A,TOTAL,PC,FR,2005,51.677,
ESTAT:T2020_RD320(1.0),14/04/22 11:00:00,A,TOTAL,PC,FR,2006,51.495,
ESTAT:T2020_RD320(1.0),14/04/22 11:00:00,A,TOTAL,PC,FR,2007,50.394,
ESTAT:T2020_RD320(1.0),14/04/22 11:00:00,A,TOTAL,PC,FR,2008,50.724,
ESTAT:T2020_RD320(1.0),14/04/22 11:00:00,A,TOTAL,PC,FR,2009,50.627,
ESTAT:T2020_RD320(1.0),14/04/22 11:00:00,A,TOTAL,PC,FR,2010,48.645,
ESTAT:T2020_RD320(1.0),14/04/22 11:00:00,A,TOTAL,PC,FR,2011,49.052,
ESTAT:T2020_RD320(1.0),14/04/22 11:00:00,A,TOTAL,PC,FR,2012,48.204,
ESTAT:T2020_RD320(1.0),14/04/22 11:00:00,A,TOTAL,PC,FR,2013,48.021,
ESTAT:T2020_RD320(1.0),14/04/22 11:00:00,A,TOTAL,PC,FR,2014,46.243,
ESTAT:T2020_RD320(1.0),14/04/22 11:00:00,A,TOTAL,PC,FR,2015,45.933,
ESTAT:T2020_RD320(1.0),14/04/22 11:00:00,A,TOTAL,PC,FR,2016,47.399,
ESTAT:T2020_RD320(1.0),14/04/22 11:00:00,A,TOTAL,PC,FR,2017,48.797,
ESTAT:T2020_RD320(1.0),14/04/22 11:00:00,A,TOTAL,PC,FR,2018,46.844,
ESTAT:T2020_RD320(1.0),14/04/22 11:00:00,A,TOTAL,PC,FR,2019,47.556,
ESTAT:T2020_RD320(1.0),14/04/22 11:00:00,A,TOTAL,PC,FR,2020,44.463,
ESTAT:T2020_RD320(1.0),14/04/22 11:00:00,A,TOTAL,PC,HR,1990,40.211,
ESTAT:T2020_RD320(1.0),14/04/22 11:00:00,A,TOTAL,PC,HR,1991,27.739,
ESTAT:T2020_RD320(1.0),14/04/22 11:00:00,A,TOTAL,PC,HR,1992,34.216,
ESTAT:T2020_RD320(1.0),14/04/22 11:00:00,A,TOTAL,PC,HR,1993,32.441,
ESTAT:T2020_RD320(1.0),14/04/22 11:00:00,A,TOTAL,PC,HR,1994,37.937,
ESTAT:T2020_RD320(1.0),14/04/22 11:00:00,A,TOTAL,PC,HR,1995,36.248,
ESTAT:T2020_RD320(1.0),14/04/22 11:00:00,A,TOTAL,PC,HR,1996,38.927,
ESTAT:T2020_RD320(1.0),14/04/22 11:00:00,A,TOTAL,PC,HR,1997,42.513,
ESTAT:T2020_RD320(1.0),14/04/22 11:00:00,A,TOTAL,PC,HR,1998,44.476,
ESTAT:T2020_RD320(1.0),14/04/22 11:00:00,A,TOTAL,PC,HR,1999,48.803,
ESTAT:T2020_RD320(1.0),14/04/22 11:00:00,A,TOTAL,PC,HR,2000,48.450,
ESTAT:T2020_RD320(1.0),14/04/22 11:00:00,A,TOTAL,PC,HR,2001,46.527,
ESTAT:T2020_RD320(1.0),14/04/22 11:00:00,A,TOTAL,PC,HR,2002,54.422,
ESTAT:T2020_RD320(1.0),14/04/22 11:00:00,A,TOTAL,PC,HR,2003,50.708,
ESTAT:T2020_RD320(1.0),14/04/22 11:00:00,A,TOTAL,PC,HR,2004,51.885,
ESTAT:T2020_RD320(1.0),14/04/22 11:00:00,A,TOTAL,PC,HR,2005,52.564,
ESTAT:T2020_RD320(1.0),14/04/22 11:00:00,A,TOTAL,PC,HR,2006,49.170,
ESTAT:T2020_RD320(1.0),14/04/22 11:00:00,A,TOTAL,PC,HR,2007,51.806,
ESTAT:T2020_RD320(1.0),14/04/22 11:00:00,A,TOTAL,PC,HR,2008,54.750,
ESTAT:T2020_RD320(1.0),14/04/22 11:00:00,A,TOTAL,PC,HR,2009,46.016,
ESTAT:T2020_RD320(1.0),14/04/22 11:00:00,A,TOTAL,PC,HR,2010,46.693,
ESTAT:T2020_RD320(1.0),14/04/22 11:00:00,A,TOTAL,PC,HR,2011,49.639,
ESTAT:T2020_RD320(1.0),14/04/22 11:00:00,A,TOTAL,PC,HR,2012,49.862,
ESTAT:T2020_RD320(1.0),14/04/22 11:00:00,A,TOTAL,PC,HR,2013,47.434,
ESTAT:T2020_RD320(1.0),14/04/22 11:00:00,A,TOTAL,PC,HR,2014,44.206,
ESTAT:T2020_RD320(1.0),14/04/22 11:00:00,A,TOTAL,PC,HR,2015,48.786,
ESTAT:T2020_RD320(1.0),14/04/22 11:00:00,A,TOTAL,PC,HR,2016,48.430,
ESTAT:T2020_RD320(1.0),14/04/22 11:00:00,A,TOTAL,PC,HR,2017,53.152,
ESTAT:T2020_RD320(1.0),14/04/22 11:00:00,A,TOTAL,PC,HR,2018,52.691,
ESTAT:T2020_RD320(1.0),14/04/22 11:00:00,A,TOTAL,PC,HR,2019,56.216,
ESTAT:T2020_RD320(1.0),14/04/22 11:00:00,A,TOTAL,PC,HR,2020,53.589,
ESTAT:T2020_RD320(1.0),14/04/22 11:00:00,A,TOTAL,PC,HU,1990,49.268,
ESTAT:T2020_RD320(1.0),14/04/22 11:00:00,A,TOTAL,PC,HU,1991,46.012,
ESTAT:T2020_RD320(1.0),14/04/22 11:00:00,A,TOTAL,PC,HU,1992,44.339,
ESTAT:T2020_RD320(1.0),14/04/22 11:00:00,A,TOTAL,PC,HU,1993,47.526,
ESTAT:T2020_RD320(1.0),14/04/22 11:00:00,A,TOTAL,PC,HU,1994,46.763,
ESTAT:T2020_RD320(1.0),14/04/22 11:00:00,A,TOTAL,PC,HU,1995,47.796,
ESTAT:T2020_RD320(1.0),14/04/22 11:00:00,A,TOTAL,PC,HU,1996,51.229,
ESTAT:T2020_RD320(1.0),14/04/22 11:00:00,A,TOTAL,PC,HU,1997,51.284,
ESTAT:T2020_RD320(1.0),14/04/22 11:00:00,A,TOTAL,PC,HU,1998,54.652,
ESTAT:T2020_RD320(1.0),14/04/22 11:00:00,A,TOTAL,PC,HU,1999,53.424,
ESTAT:T2020_RD320(1.0),14/04/22 11:00:00,A,TOTAL,PC,HU,2000,54.978,
ESTAT:T2020_RD320(1.0),14/04/22 11:00:00,A,TOTAL,PC,HU,2001,53.411,
ESTAT:T2020_RD320(1.0),14/04/22 11:00:00,A,TOTAL,PC,HU,2002,56.885,
ESTAT:T2020_RD320(1.0),14/04/22 11:00:00,A,TOTAL,PC,HU,2003,62.057,
ESTAT:T2020_RD320(1.0),14/04/22 11:00:00,A,TOTAL,PC,HU,2004,60.955,
ESTAT:T2020_RD320(1.0),14/04/22 11:00:00,A,TOTAL,PC,HU,2005,62.254,
ESTAT:T2020_RD320(1.0),14/04/22 11:00:00,A,TOTAL,PC,HU,2006,61.819,
ESTAT:T2020_RD320(1.0),14/04/22 11:00:00,A,TOTAL,PC,HU,2007,60.362,
ESTAT:T2020_RD320(1.0),14/04/22 11:00:00,A,TOTAL,PC,HU,2008,62.589,
ESTAT:T2020_RD320(1.0),14/04/22 11:00:00,A,TOTAL,PC,HU,2009,57.574,
ESTAT:T2020_RD320(1.0),14/04/22 11:00:00,A,TOTAL,PC,HU,2010,56.930,
ESTAT:T2020_RD320(1.0),14/04/22 11:00:00,A,TOTAL,PC,HU,2011,50.273,
ESTAT:T2020_RD320(1.0),14/04/22 11:00:00,A,TOTAL,PC,HU,2012,50.146,
ESTAT:T2020_RD320(1.0),14/04/22 11:00:00,A,TOTAL,PC,HU,2013,50.122,
ESTAT:T2020_RD320(1.0),14/04/22 11:00:00,A,TOTAL,PC,HU,2014,59.845,
ESTAT:T2020_RD320(1.0),14/04/22 11:00:00,A,TOTAL,PC,HU,2015,53.875,
ESTAT:T2020_RD320(1.0),14/04/22 11:00:00,A,TOTAL,PC,HU,2016,55.823,
ESTAT:T2020_RD320(1.0),14/04/22 11:00:00,A,TOTAL,PC,HU,2017,62.645,
ESTAT:T2020_RD320(1.0),14/04/22 11:00:00,A,TOTAL,PC,HU,2018,58.123,
ESTAT:T2020_RD320(1.0),14/04/22 11:00:00,A,TOTAL,PC,HU,2019,69.712,
ESTAT:T2020_RD320(1.0),14/04/22 11:00:00,A,TOTAL,PC,HU,2020,56.628,
ESTAT:T2020_RD320(1.0),14/04/22 11:00:00,A,TOTAL,PC,IE,1990,69.010,
ESTAT:T2020_RD320(1.0),14/04/22 11:00:00,A,TOTAL,PC,IE,1991,67.024,
ESTAT:T2020_RD320(1.0),14/04/22 11:00:00,A,TOTAL,PC,IE,1992,65.885,
ESTAT:T2020_RD320(1.0),14/04/22 11:00:00,A,TOTAL,PC,IE,1993,66.932,
ESTAT:T2020_RD320(1.0),14/04/22 11:00:00,A,TOTAL,PC,IE,1994,64.931,
ESTAT:T2020_RD320(1.0),14/04/22 11:00:00,A,TOTAL,PC,IE,1995,71.312,
ESTAT:T2020_RD320(1.0),14/04/22 11:00:00,A,TOTAL,PC,IE,1996,71.667,
ESTAT:T2020_RD320(1.0),14/04/22 11:00:00,A,TOTAL,PC,IE,1997,75.964,
ESTAT:T2020_RD320(1.0),14/04/22 11:00:00,A,TOTAL,PC,IE,1998,80.348,
ESTAT:T2020_RD320(1.0),14/04/22 11:00:00,A,TOTAL,PC,IE,1999,85.546,
ESTAT:T2020_RD320(1.0),14/04/22 11:00:00,A,TOTAL,PC,IE,2000,85.433,
ESTAT:T2020_RD320(1.0),14/04/22 11:00:00,A,TOTAL,PC,IE,2001,89.605,
ESTAT:T2020_RD320(1.0),14/04/22 11:00:00,A,TOTAL,PC,IE,2002,88.086,
ESTAT:T2020_RD320(1.0),14/04/22 11:00:00,A,TOTAL,PC,IE,2003,90.265,
ESTAT:T2020_RD320(1.0),14/04/22 11:00:00,A,TOTAL,PC,IE,2004,91.614,
ESTAT:T2020_RD320(1.0),14/04/22 11:00:00,A,TOTAL,PC,IE,2005,89.655,
ESTAT:T2020_RD320(1.0),14/04/22 11:00:00,A,TOTAL,PC,IE,2006,90.758,
ESTAT:T2020_RD320(1.0),14/04/22 11:00:00,A,TOTAL,PC,IE,2007,87.563,
ESTAT:T2020_RD320(1.0),14/04/22 11:00:00,A,TOTAL,PC,IE,2008,90.010,
ESTAT:T2020_RD320(1.0),14/04/22 11:00:00,A,TOTAL,PC,IE,2009,87.821,
ESTAT:T2020_RD320(1.0),14/04/22 11:00:00,A,TOTAL,PC,IE,2010,87.484,
ESTAT:T2020_RD320(1.0),14/04/22 11:00:00,A,TOTAL,PC,IE,2011,90.352,
ESTAT:T2020_RD320(1.0),14/04/22 11:00:00,A,TOTAL,PC,IE,2012,83.709,
ESTAT:T2020_RD320(1.0),14/04/22 11:00:00,A,TOTAL,PC,IE,2013,91.620,
ESTAT:T2020_RD320(1.0),14/04/22 11:00:00,A,TOTAL,PC,IE,2014,86.150,
ESTAT:T2020_RD320(1.0),14/04/22 11:00:00,A,TOTAL,PC,IE,2015,88.778,
ESTAT:T2020_RD320(1.0),14/04/22 11:00:00,A,TOTAL,PC,IE,2016,69.079,
ESTAT:T2020_RD320(1.0),14/04/22 11:00:00,A,TOTAL,PC,IE,2017,66.882,
ESTAT:T2020_RD320(1.0),14/04/22 11:00:00,A,TOTAL,PC,IE,2018,67.556,
ESTAT:T2020_RD320(1.0),14/04/22 11:00:00,A,TOTAL,PC,IE,2019,68.700,
ESTAT:T2020_RD320(1.0),14/04/22 11:00:00,A,TOTAL,PC,IE,2020,71.302,
ESTAT:T2020_RD320(1.0),14/04/22 11:00:00,A,TOTAL,PC,IS,1990,32.967,
ESTAT:T2020_RD320(1.0),14/04/22 11:00:00,A,TOTAL,PC,IS,1991,31.353,
ESTAT:T2020_RD320(1.0),14/04/22 11:00:00,A,TOTAL,PC,IS,1992,36.464,
ESTAT:T2020_RD320(1.0),14/04/22 11:00:00,A,TOTAL,PC,IS,1993,33.342,
ESTAT:T2020_RD320(1.0),14/04/22 11:00:00,A,TOTAL,PC,IS,1994,34.319,
ESTAT:T2020_RD320(1.0),14/04/22 11:00:00,A,TOTAL,PC,IS,1995,34.126,
ESTAT:T2020_RD320(1.0),14/04/22 11:00:00,A,TOTAL,PC,IS,1996,34.311,
ESTAT:T2020_RD320(1.0),14/04/22 11:00:00,A,TOTAL,PC,IS,1997,34.802,
ESTAT:T2020_RD320(1.0),14/04/22 11:00:00,A,TOTAL,PC,IS,1998,34.629,
ESTAT:T2020_RD320(1.0),14/04/22 11:00:00,A,TOTAL,PC,IS,1999,32.165,
ESTAT:T2020_RD320(1.0),14/04/22 11:00:00,A,TOTAL,PC,IS,2000,30.567,
ESTAT:T2020_RD320(1.0),14/04/22 11:00:00,A,TOTAL,PC,IS,2001,29.083,
ESTAT:T2020_RD320(1.0),14/04/22 11:00:00,A,TOTAL,PC,IS,2002,28.813,
ESTAT:T2020_RD320(1.0),14/04/22 11:00:00,A,TOTAL,PC,IS,2003,27.848,
ESTAT:T2020_RD320(1.0),14/04/22 11:00:00,A,TOTAL,PC,IS,2004,31.955,
ESTAT:T2020_RD320(1.0),14/04/22 11:00:00,A,TOTAL,PC,IS,2005,31.224,
ESTAT:T2020_RD320(1.0),14/04/22 11:00:00,A,TOTAL,PC,IS,2006,25.980,
ESTAT:T2020_RD320(1.0),14/04/22 11:00:00,A,TOTAL,PC,IS,2007,22.832,
ESTAT:T2020_RD320(1.0),14/04/22 11:00:00,A,TOTAL,PC,IS,2008,21.200,
ESTAT:T2020_RD320(1.0),14/04/22 11:00:00,A,TOTAL,PC,IS,2009,20.106,
ESTAT:T2020_RD320(1.0),14/04/22 11:00:00,A,TOTAL,PC,IS,2010,13.864,
ESTAT:T2020_RD320(1.0),14/04/22 11:00:00,A,TOTAL,PC,IS,2011,13.390,
ESTAT:T2020_RD320(1.0),14/04/22 11:00:00,A,TOTAL,PC,IS,2012,13.694,
ESTAT:T2020_RD320(1.0),14/04/22 11:00:00,A,TOTAL,PC,IS,2013,13.505,
ESTAT:T2020_RD320(1.0),14/04/22 11:00:00,A,TOTAL,PC,IS,2014,13.955,
ESTAT:T2020_RD320(1.0),14/04/22 11:00:00,A,TOTAL,PC,IS,2015,16.418,
ESTAT:T2020_RD320(1.0),14/04/22 11:00:00,A,TOTAL,PC,IS,2016,18.941,
ESTAT:T2020_RD320(1.0),14/04/22 11:00:00,A,TOTAL,PC,IS,2017,18.370,
ESTAT:T2020_RD320(1.0),14/04/22 11:00:00,A,TOTAL,PC,IS,2018,19.143,
ESTAT:T2020_RD320(1.0),14/04/22 11:00:00,A,TOTAL,PC,IS,2019,16.106,
ESTAT:T2020_RD320(1.0),14/04/22 11:00:00,A,TOTAL,PC,IS,2020,11.966,
ESTAT:T2020_RD320(1.0),14/04/22 11:00:00,A,TOTAL,PC,IT,1990,84.401,
ESTAT:T2020_RD320(1.0),14/04/22 11:00:00,A,TOTAL,PC,IT,1991,81.909,
ESTAT:T2020_RD320(1.0),14/04/22 11:00:00,A,TOTAL,PC,IT,1992,84.041,
ESTAT:T2020_RD320(1.0),14/04/22 11:00:00,A,TOTAL,PC,IT,1993,80.458,
ESTAT:T2020_RD320(1.0),14/04/22 11:00:00,A,TOTAL,PC,IT,1994,80.774,
ESTAT:T2020_RD320(1.0),14/04/22 11:00:00,A,TOTAL,PC,IT,1995,82.027,
ESTAT:T2020_RD320(1.0),14/04/22 11:00:00,A,TOTAL,PC,IT,1996,81.952,
ESTAT:T2020_RD320(1.0),14/04/22 11:00:00,A,TOTAL,PC,IT,1997,80.728,
ESTAT:T2020_RD320(1.0),14/04/22 11:00:00,A,TOTAL,PC,IT,1998,81.836,
ESTAT:T2020_RD320(1.0),14/04/22 11:00:00,A,TOTAL,PC,IT,1999,82.957,
ESTAT:T2020_RD320(1.0),14/04/22 11:00:00,A,TOTAL,PC,IT,2000,86.523,
ESTAT:T2020_RD320(1.0),14/04/22 11:00:00,A,TOTAL,PC,IT,2001,83.244,
ESTAT:T2020_RD320(1.0),14/04/22 11:00:00,A,TOTAL,PC,IT,2002,85.589,
ESTAT:T2020_RD320(1.0),14/04/22 11:00:00,A,TOTAL,PC,IT,2003,82.995,
ESTAT:T2020_RD320(1.0),14/04/22 11:00:00,A,TOTAL,PC,IT,2004,84.360,
ESTAT:T2020_RD320(1.0),14/04/22 11:00:00,A,TOTAL,PC,IT,2005,83.348,
ESTAT:T2020_RD320(1.0),14/04/22 11:00:00,A,TOTAL,PC,IT,2006,85.867,
ESTAT:T2020_RD320(1.0),14/04/22 11:00:00,A,TOTAL,PC,IT,2007,83.002,
ESTAT:T2020_RD320(1.0),14/04/22 11:00:00,A,TOTAL,PC,IT,2008,82.804,
ESTAT:T2020_RD320(1.0),14/04/22 11:00:00,A,TOTAL,PC,IT,2009,80.777,
ESTAT:T2020_RD320(1.0),14/04/22 11:00:00,A,TOTAL,PC,IT,2010,82.571,
ESTAT:T2020_RD320(1.0),14/04/22 11:00:00,A,TOTAL,PC,IT,2011,81.353,
ESTAT:T2020_RD320(1.0),14/04/22 11:00:00,A,TOTAL,PC,IT,2012,79.109,
ESTAT:T2020_RD320(1.0),14/04/22 11:00:00,A,TOTAL,PC,IT,2013,76.736,
ESTAT:T2020_RD320(1.0),14/04/22 11:00:00,A,TOTAL,PC,IT,2014,75.811,
ESTAT:T2020_RD320(1.0),14/04/22 11:00:00,A,TOTAL,PC,IT,2015,77.030,
ESTAT:T2020_RD320(1.0),14/04/22 11:00:00,A,TOTAL,PC,IT,2016,77.653,
ESTAT:T2020_RD320(1.0),14/04/22 11:00:00,A,TOTAL,PC,IT,2017,76.979,
ESTAT:T2020_RD320(1.0),14/04/22 11:00:00,A,TOTAL,PC,IT,2018,76.338,
ESTAT:T2020_RD320(1.0),14/04/22 11:00:00,A,TOTAL,PC,IT,2019,77.484,
ESTAT:T2020_RD320(1.0),14/04/22 11:00:00,A,TOTAL,PC,IT,2020,73.454,
ESTAT:T2020_RD320(1.0),14/04/22 11:00:00,A,TOTAL,PC,LT,1990,71.002,
ESTAT:T2020_RD320(1.0),14/04/22 11:00:00,A,TOTAL,PC,LT,1991,70.477,
ESTAT:T2020_RD320(1.0),14/04/22 11:00:00,A,TOTAL,PC,LT,1992,59.959,
ESTAT:T2020_RD320(1.0),14/04/22 11:00:00,A,TOTAL,PC,LT,1993,55.784,
ESTAT:T2020_RD320(1.0),14/04/22 11:00:00,A,TOTAL,PC,LT,1994,63.725,
ESTAT:T2020_RD320(1.0),14/04/22 11:00:00,A,TOTAL,PC,LT,1995,61.946,
ESTAT:T2020_RD320(1.0),14/04/22 11:00:00,A,TOTAL,PC,LT,1996,51.569,
ESTAT:T2020_RD320(1.0),14/04/22 11:00:00,A,TOTAL,PC,LT,1997,54.418,
ESTAT:T2020_RD320(1.0),14/04/22 11:00:00,A,TOTAL,PC,LT,1998,49.125,
ESTAT:T2020_RD320(1.0),14/04/22 11:00:00,A,TOTAL,PC,LT,1999,52.265,
ESTAT:T2020_RD320(1.0),14/04/22 11:00:00,A,TOTAL,PC,LT,2000,57.776,
ESTAT:T2020_RD320(1.0),14/04/22 11:00:00,A,TOTAL,PC,LT,2001,45.539,
ESTAT:T2020_RD320(1.0),14/04/22 11:00:00,A,TOTAL,PC,LT,2002,40.610,
ESTAT:T2020_RD320(1.0),14/04/22 11:00:00,A,TOTAL,PC,LT,2003,42.663,
ESTAT:T2020_RD320(1.0),14/04/22 11:00:00,A,TOTAL,PC,LT,2004,45.521,
ESTAT:T2020_RD320(1.0),14/04/22 11:00:00,A,TOTAL,PC,LT,2005,55.332,
ESTAT:T2020_RD320(1.0),14/04/22 11:00:00,A,TOTAL,PC,LT,2006,60.351,
ESTAT:T2020_RD320(1.0),14/04/22 11:00:00,A,TOTAL,PC,LT,2007,59.111,
ESTAT:T2020_RD320(1.0),14/04/22 11:00:00,A,TOTAL,PC,LT,2008,56.016,
ESTAT:T2020_RD320(1.0),14/04/22 11:00:00,A,TOTAL,PC,LT,2009,48.550,
ESTAT:T2020_RD320(1.0),14/04/22 11:00:00,A,TOTAL,PC,LT,2010,79.045,
ESTAT:T2020_RD320(1.0),14/04/22 11:00:00,A,TOTAL,PC,LT,2011,78.604,
ESTAT:T2020_RD320(1.0),14/04/22 11:00:00,A,TOTAL,PC,LT,2012,77.534,
ESTAT:T2020_RD320(1.0),14/04/22 11:00:00,A,TOTAL,PC,LT,2013,75.556,
ESTAT:T2020_RD320(1.0),14/04/22 11:00:00,A,TOTAL,PC,LT,2014,74.935,
ESTAT:T2020_RD320(1.0),14/04/22 11:00:00,A,TOTAL,PC,LT,2015,75.452,
ESTAT:T2020_RD320(1.0),14/04/22 11:00:00,A,TOTAL,PC,LT,2016,74.784,
ESTAT:T2020_RD320(1.0),14/04/22 11:00:00,A,TOTAL,PC,LT,2017,71.965,
ESTAT:T2020_RD320(1.0),14/04/22 11:00:00,A,TOTAL,PC,LT,2018,73.897,
ESTAT:T2020_RD320(1.0),14/04/22 11:00:00,A,TOTAL,PC,LT,2019,75.202,
ESTAT:T2020_RD320(1.0),14/04/22 11:00:00,A,TOTAL,PC,LT,2020,74.909,
ESTAT:T2020_RD320(1.0),14/04/22 11:00:00,A,TOTAL,PC,LU,1990,99.499,
ESTAT:T2020_RD320(1.0),14/04/22 11:00:00,A,TOTAL,PC,LU,1991,98.591,
ESTAT:T2020_RD320(1.0),14/04/22 11:00:00,A,TOTAL,PC,LU,1992,99.488,
ESTAT:T2020_RD320(1.0),14/04/22 11:00:00,A,TOTAL,PC,LU,1993,98.329,
ESTAT:T2020_RD320(1.0),14/04/22 11:00:00,A,TOTAL,PC,LU,1994,98.776,
ESTAT:T2020_RD320(1.0),14/04/22 11:00:00,A,TOTAL,PC,LU,1995,97.717,
ESTAT:T2020_RD320(1.0),14/04/22 11:00:00,A,TOTAL,PC,LU,1996,99.379,
ESTAT:T2020_RD320(1.0),14/04/22 11:00:00,A,TOTAL,PC,LU,1997,98.492,
ESTAT:T2020_RD320(1.0),14/04/22 11:00:00,A,TOTAL,PC,LU,1998,99.468,
ESTAT:T2020_RD320(1.0),14/04/22 11:00:00,A,TOTAL,PC,LU,1999,97.089,
ESTAT:T2020_RD320(1.0),14/04/22 11:00:00,A,TOTAL,PC,LU,2000,99.598,
ESTAT:T2020_RD320(1.0),14/04/22 11:00:00,A,TOTAL,PC,LU,2001,97.374,
ESTAT:T2020_RD320(1.0),14/04/22 11:00:00,A,TOTAL,PC,LU,2002,98.610,
ESTAT:T2020_RD320(1.0),14/04/22 11:00:00,A,TOTAL,PC,LU,2003,98.378,
ESTAT:T2020_RD320(1.0),14/04/22 11:00:00,A,TOTAL,PC,LU,2004,97.892,
ESTAT:T2020_RD320(1.0),14/04/22 11:00:00,A,TOTAL,PC,LU,2005,97.376,
ESTAT:T2020_RD320(1.0),14/04/22 11:00:00,A,TOTAL,PC,LU,2006,98.232,
ESTAT:T2020_RD320(1.0),14/04/22 11:00:00,A,TOTAL,PC,LU,2007,96.668,
ESTAT:T2020_RD320(1.0),14/04/22 11:00:00,A,TOTAL,PC,LU,2008,97.446,
ESTAT:T2020_RD320(1.0),14/04/22 11:00:00,A,TOTAL,PC,LU,2009,97.514,
ESTAT:T2020_RD320(1.0),14/04/22 11:00:00,A,TOTAL,PC,LU,2010,97.069,
ESTAT:T2020_RD320(1.0),14/04/22 11:00:00,A,TOTAL,PC,LU,2011,97.293,
ESTAT:T2020_RD320(1.0),14/04/22 11:00:00,A,TOTAL,PC,LU,2012,97.510,
ESTAT:T2020_RD320(1.0),14/04/22 11:00:00,A,TOTAL,PC,LU,2013,97.101,
ESTAT:T2020_RD320(1.0),14/04/22 11:00:00,A,TOTAL,PC,LU,2014,96.630,
ESTAT:T2020_RD320(1.0),14/04/22 11:00:00,A,TOTAL,PC,LU,2015,95.965,
ESTAT:T2020_RD320(1.0),14/04/22 11:00:00,A,TOTAL,PC,LU,2016,96.294,
ESTAT:T2020_RD320(1.0),14/04/22 11:00:00,A,TOTAL,PC,LU,2017,95.581,
ESTAT:T2020_RD320(1.0),14/04/22 11:00:00,A,TOTAL,PC,LU,2018,95.183,
ESTAT:T2020_RD320(1.0),14/04/22 11:00:00,A,TOTAL,PC,LU,2019,95.044,
ESTAT:T2020_RD320(1.0),14/04/22 11:00:00,A,TOTAL,PC,LU,2020,92.458,
ESTAT:T2020_RD320(1.0),14/04/22 11:00:00,A,TOTAL,PC,LV,1990,88.963,
ESTAT:T2020_RD320(1.0),14/04/22 11:00:00,A,TOTAL,PC,LV,1991,85.583,
ESTAT:T2020_RD320(1.0),14/04/22 11:00:00,A,TOTAL,PC,LV,1992,87.508,
ESTAT:T2020_RD320(1.0),14/04/22 11:00:00,A,TOTAL,PC,LV,1993,71.172,
ESTAT:T2020_RD320(1.0),14/04/22 11:00:00,A,TOTAL,PC,LV,1994,72.361,
ESTAT:T2020_RD320(1.0),14/04/22 11:00:00,A,TOTAL,PC,LV,1995,70.534,
ESTAT:T2020_RD320(1.0),14/04/22 11:00:00,A,TOTAL,PC,LV,1996,73.982,
ESTAT:T2020_RD320(1.0),14/04/22 11:00:00,A,TOTAL,PC,LV,1997,60.381,
ESTAT:T2020_RD320(1.0),14/04/22 11:00:00,A,TOTAL,PC,LV,1998,60.793,
ESTAT:T2020_RD320(1.0),14/04/22 11:00:00,A,TOTAL,PC,LV,1999,55.925,
ESTAT:T2020_RD320(1.0),14/04/22 11:00:00,A,TOTAL,PC,LV,2000,61.010,
ESTAT:T2020_RD320(1.0),14/04/22 11:00:00,A,TOTAL,PC,LV,2001,59.372,
ESTAT:T2020_RD320(1.0),14/04/22 11:00:00,A,TOTAL,PC,LV,2002,58.760,
ESTAT:T2020_RD320(1.0),14/04/22 11:00:00,A,TOTAL,PC,LV,2003,63.235,
ESTAT:T2020_RD320(1.0),14/04/22 11:00:00,A,TOTAL,PC,LV,2004,69.422,
ESTAT:T2020_RD320(1.0),14/04/22 11:00:00,A,TOTAL,PC,LV,2005,63.841,
ESTAT:T2020_RD320(1.0),14/04/22 11:00:00,A,TOTAL,PC,LV,2006,66.707,
ESTAT:T2020_RD320(1.0),14/04/22 11:00:00,A,TOTAL,PC,LV,2007,62.478,
ESTAT:T2020_RD320(1.0),14/04/22 11:00:00,A,TOTAL,PC,LV,2008,58.825,
ESTAT:T2020_RD320(1.0),14/04/22 11:00:00,A,TOTAL,PC,LV,2009,60.411,
ESTAT:T2020_RD320(1.0),14/04/22 11:00:00,A,TOTAL,PC,LV,2010,45.545,
ESTAT:T2020_RD320(1.0),14/04/22 11:00:00,A,TOTAL,PC,LV,2011,59.863,
ESTAT:T2020_RD320(1.0),14/04/22 11:00:00,A,TOTAL,PC,LV,2012,56.388,
ESTAT:T2020_RD320(1.0),14/04/22 11:00:00,A,TOTAL,PC,LV,2013,55.883,
ESTAT:T2020_RD320(1.0),14/04/22 11:00:00,A,TOTAL,PC,LV,2014,40.592,
ESTAT:T2020_RD320(1.0),14/04/22 11:00:00,A,TOTAL,PC,LV,2015,51.179,
ESTAT:T2020_RD320(1.0),14/04/22 11:00:00,A,TOTAL,PC,LV,2016,47.152,
ESTAT:T2020_RD320(1.0),14/04/22 11:00:00,A,TOTAL,PC,LV,2017,44.053,
ESTAT:T2020_RD320(1.0),14/04/22 11:00:00,A,TOTAL,PC,LV,2018,44.313,
ESTAT:T2020_RD320(1.0),14/04/22 11:00:00,A,TOTAL,PC,LV,2019,43.913,
ESTAT:T2020_RD320(1.0),14/04/22 11:00:00,A,TOTAL,PC,LV,2020,45.481,
ESTAT:T2020_RD320(1.0),14/04/22 11:00:00,A,TOTAL,PC,ME,2005,42.477,
ESTAT:T2020_RD320(1.0),14/04/22 11:00:00,A,TOTAL,PC,ME,2006,44.975,
ESTAT:T2020_RD320(1.0),14/04/22 11:00:00,A,TOTAL,PC,ME,2007,54.291,
ESTAT:T2020_RD320(1.0),14/04/22 11:00:00,A,TOTAL,PC,ME,2008,46.208,
ESTAT:T2020_RD320(1.0),14/04/22 11:00:00,A,TOTAL,PC,ME,2009,43.066,
ESTAT:T2020_RD320(1.0),14/04/22 11:00:00,A,TOTAL,PC,ME,2010,26.397,
ESTAT:T2020_RD320(1.0),14/04/22 11:00:00,A,TOTAL,PC,ME,2011,36.219,
ESTAT:T2020_RD320(1.0),14/04/22 11:00:00,A,TOTAL,PC,ME,2012,34.270,
ESTAT:T2020_RD320(1.0),14/04/22 11:00:00,A,TOTAL,PC,ME,2013,23.482,
ESTAT:T2020_RD320(1.0),14/04/22 11:00:00,A,TOTAL,PC,ME,2014,29.917,
ESTAT:T2020_RD320(1.0),14/04/22 11:00:00,A,TOTAL,PC,ME,2015,30.080,
ESTAT:T2020_RD320(1.0),14/04/22 11:00:00,A,TOTAL,PC,ME,2016,34.590,
ESTAT:T2020_RD320(1.0),14/04/22 11:00:00,A,TOTAL,PC,ME,2017,40.486,
ESTAT:T2020_RD320(1.0),14/04/22 11:00:00,A,TOTAL,PC,ME,2018,31.060,
ESTAT:T2020_RD320(1.0),14/04/22 11:00:00,A,TOTAL,PC,ME,2019,32.857,
ESTAT:T2020_RD320(1.0),14/04/22 11:00:00,A,TOTAL,PC,ME,2020,27.422,
ESTAT:T2020_RD320(1.0),14/04/22 11:00:00,A,TOTAL,PC,MK,1990,48.415,
ESTAT:T2020_RD320(1.0),14/04/22 11:00:00,A,TOTAL,PC,MK,1991,49.740,
ESTAT:T2020_RD320(1.0),14/04/22 11:00:00,A,TOTAL,PC,MK,1992,44.304,
ESTAT:T2020_RD320(1.0),14/04/22 11:00:00,A,TOTAL,PC,MK,1993,46.344,
ESTAT:T2020_RD320(1.0),14/04/22 11:00:00,A,TOTAL,PC,MK,1994,34.790,
ESTAT:T2020_RD320(1.0),14/04/22 11:00:00,A,TOTAL,PC,MK,1995,41.446,
ESTAT:T2020_RD320(1.0),14/04/22 11:00:00,A,TOTAL,PC,MK,1996,45.109,
ESTAT:T2020_RD320(1.0),14/04/22 11:00:00,A,TOTAL,PC,MK,1997,42.899,
ESTAT:T2020_RD320(1.0),14/04/22 11:00:00,A,TOTAL,PC,MK,1998,42.728,
ESTAT:T2020_RD320(1.0),14/04/22 11:00:00,A,TOTAL,PC,MK,1999,36.391,
ESTAT:T2020_RD320(1.0),14/04/22 11:00:00,A,TOTAL,PC,MK,2000,40.758,
ESTAT:T2020_RD320(1.0),14/04/22 11:00:00,A,TOTAL,PC,MK,2001,38.793,
ESTAT:T2020_RD320(1.0),14/04/22 11:00:00,A,TOTAL,PC,MK,2002,46.368,
ESTAT:T2020_RD320(1.0),14/04/22 11:00:00,A,TOTAL,PC,MK,2003,39.189,
ESTAT:T2020_RD320(1.0),14/04/22 11:00:00,A,TOTAL,PC,MK,2004,41.804,
ESTAT:T2020_RD320(1.0),14/04/22 11:00:00,A,TOTAL,PC,MK,2005,42.761,
ESTAT:T2020_RD320(1.0),14/04/22 11:00:00,A,TOTAL,PC,MK,2006,44.683,
ESTAT:T2020_RD320(1.0),14/04/22 11:00:00,A,TOTAL,PC,MK,2007,47.116,
ESTAT:T2020_RD320(1.0),14/04/22 11:00:00,A,TOTAL,PC,MK,2008,46.304,
ESTAT:T2020_RD320(1.0),14/04/22 11:00:00,A,TOTAL,PC,MK,2009,45.221,
ESTAT:T2020_RD320(1.0),14/04/22 11:00:00,A,TOTAL,PC,MK,2010,44.005,
ESTAT:T2020_RD320(1.0),14/04/22 11:00:00,A,TOTAL,PC,MK,2011,45.620,
ESTAT:T2020_RD320(1.0),14/04/22 11:00:00,A,TOTAL,PC,MK,2012,48.187,
ESTAT:T2020_RD320(1.0),14/04/22 11:00:00,A,TOTAL,PC,MK,2013,46.729,
ESTAT:T2020_RD320(1.0),14/04/22 11:00:00,A,TOTAL,PC,MK,2014,51.550,
ESTAT:T2020_RD320(1.0),14/04/22 11:00:00,A,TOTAL,PC,MK,2015,52.432,
ESTAT:T2020_RD320(1.0),14/04/22 11:00:00,A,TOTAL,PC,MK,2016,58.754,
ESTAT:T2020_RD320(1.0),14/04/22 11:00:00,A,TOTAL,PC,MK,2017,56.186,
ESTAT:T2020_RD320(1.0),14/04/22 11:00:00,A,TOTAL,PC,MK,2018,58.388,
ESTAT:T2020_RD320(1.0),14/04/22 11:00:00,A,TOTAL,PC,MK,2019,58.146,
ESTAT:T2020_RD320(1.0),14/04/22 11:00:00,A,TOTAL,PC,MK,2020,63.291,
ESTAT:T2020_RD320(1.0),14/04/22 11:00:00,A,TOTAL,PC,MT,1990,100.000,
ESTAT:T2020_RD320(1.0),14/04/22 11:00:00,A,TOTAL,PC,MT,1991,107.146,
ESTAT:T2020_RD320(1.0),14/04/22 11:00:00,A,TOTAL,PC,MT,1992,110.631,
ESTAT:T2020_RD320(1.0),14/04/22 11:00:00,A,TOTAL,PC,MT,1993,100.000,
ESTAT:T2020_RD320(1.0),14/04/22 11:00:00,A,TOTAL,PC,MT,1994,100.404,
ESTAT:T2020_RD320(1.0),14/04/22 11:00:00,A,TOTAL,PC,MT,1995,103.552,
ESTAT:T2020_RD320(1.0),14/04/22 11:00:00,A,TOTAL,PC,MT,1996,100.000,
ESTAT:T2020_RD320(1.0),14/04/22 11:00:00,A,TOTAL,PC,MT,1997,100.000,
ESTAT:T2020_RD320(1.0),14/04/22 11:00:00,A,TOTAL,PC,MT,1998,100.000,
ESTAT:T2020_RD320(1.0),14/04/22 11:00:00,A,TOTAL,PC,MT,1999,109.475,
ESTAT:T2020_RD320(1.0),14/04/22 11:00:00,A,TOTAL,PC,MT,2000,100.246,
ESTAT:T2020_RD320(1.0),14/04/22 11:00:00,A,TOTAL,PC,MT,2001,99.822,
ESTAT:T2020_RD320(1.0),14/04/22 11:00:00,A,TOTAL,PC,MT,2002,99.802,
ESTAT:T2020_RD320(1.0),14/04/22 11:00:00,A,TOTAL,PC,MT,2003,99.826,
ESTAT:T2020_RD320(1.0),14/04/22 11:00:00,A,TOTAL,PC,MT,2004,99.829,
ESTAT:T2020_RD320(1.0),14/04/22 11:00:00,A,TOTAL,PC,MT,2005,99.967,
ESTAT:T2020_RD320(1.0),14/04/22 11:00:00,A,TOTAL,PC,MT,2006,99.962,
ESTAT:T2020_RD320(1.0),14/04/22 11:00:00,A,TOTAL,PC,MT,2007,99.956,
ESTAT:T2020_RD320(1.0),14/04/22 11:00:00,A,TOTAL,PC,MT,2008,99.952,
ESTAT:T2020_RD320(1.0),14/04/22 11:00:00,A,TOTAL,PC,MT,2009,99.926,
ESTAT:T2020_RD320(1.0),14/04/22 11:00:00,A,TOTAL,PC,MT,2010,99.036,
ESTAT:T2020_RD320(1.0),14/04/22 11:00:00,A,TOTAL,PC,MT,2011,101.300,
ESTAT:T2020_RD320(1.0),14/04/22 11:00:00,A,TOTAL,PC,MT,2012,100.973,
ESTAT:T2020_RD320(1.0),14/04/22 11:00:00,A,TOTAL,PC,MT,2013,104.139,
ESTAT:T2020_RD320(1.0),14/04/22 11:00:00,A,TOTAL,PC,MT,2014,97.657,
ESTAT:T2020_RD320(1.0),14/04/22 11:00:00,A,TOTAL,PC,MT,2015,97.296,
ESTAT:T2020_RD320(1.0),14/04/22 11:00:00,A,TOTAL,PC,MT,2016,101.076,
ESTAT:T2020_RD320(1.0),14/04/22 11:00:00,A,TOTAL,PC,MT,2017,103.052,
ESTAT:T2020_RD320(1.0),14/04/22 11:00:00,A,TOTAL,PC,MT,2018,97.527,
ESTAT:T2020_RD320(1.0),14/04/22 11:00:00,A,TOTAL,PC,MT,2019,97.278,
ESTAT:T2020_RD320(1.0),14/04/22 11:00:00,A,TOTAL,PC,MT,2020,97.560,
ESTAT:T2020_RD320(1.0),14/04/22 11:00:00,A,TOTAL,PC,NL,1990,23.651,
ESTAT:T2020_RD320(1.0),14/04/22 11:00:00,A,TOTAL,PC,NL,1991,18.908,
ESTAT:T2020_RD320(1.0),14/04/22 11:00:00,A,TOTAL,PC,NL,1992,18.974,
ESTAT:T2020_RD320(1.0),14/04/22 11:00:00,A,TOTAL,PC,NL,1993,17.742,
ESTAT:T2020_RD320(1.0),14/04/22 11:00:00,A,TOTAL,PC,NL,1994,22.503,
ESTAT:T2020_RD320(1.0),14/04/22 11:00:00,A,TOTAL,PC,NL,1995,20.762,
ESTAT:T2020_RD320(1.0),14/04/22 11:00:00,A,TOTAL,PC,NL,1996,17.764,
ESTAT:T2020_RD320(1.0),14/04/22 11:00:00,A,TOTAL,PC,NL,1997,26.180,
ESTAT:T2020_RD320(1.0),14/04/22 11:00:00,A,TOTAL,PC,NL,1998,28.952,
ESTAT:T2020_RD320(1.0),14/04/22 11:00:00,A,TOTAL,PC,NL,1999,31.183,
ESTAT:T2020_RD320(1.0),14/04/22 11:00:00,A,TOTAL,PC,NL,2000,38.267,
ESTAT:T2020_RD320(1.0),14/04/22 11:00:00,A,TOTAL,PC,NL,2001,34.403,
ESTAT:T2020_RD320(1.0),14/04/22 11:00:00,A,TOTAL,PC,NL,2002,35.084,
ESTAT:T2020_RD320(1.0),14/04/22 11:00:00,A,TOTAL,PC,NL,2003,38.717,
ESTAT:T2020_RD320(1.0),14/04/22 11:00:00,A,TOTAL,PC,NL,2004,32.149,
ESTAT:T2020_RD320(1.0),14/04/22 11:00:00,A,TOTAL,PC,NL,2005,37.784,
ESTAT:T2020_RD320(1.0),14/04/22 11:00:00,A,TOTAL,PC,NL,2006,38.561,
ESTAT:T2020_RD320(1.0),14/04/22 11:00:00,A,TOTAL,PC,NL,2007,37.407,
ESTAT:T2020_RD320(1.0),14/04/22 11:00:00,A,TOTAL,PC,NL,2008,33.555,
ESTAT:T2020_RD320(1.0),14/04/22 11:00:00,A,TOTAL,PC,NL,2009,34.059,
ESTAT:T2020_RD320(1.0),14/04/22 11:00:00,A,TOTAL,PC,NL,2010,28.279,
ESTAT:T2020_RD320(1.0),14/04/22 11:00:00,A,TOTAL,PC,NL,2011,29.357,
ESTAT:T2020_RD320(1.0),14/04/22 11:00:00,A,TOTAL,PC,NL,2012,30.635,
ESTAT:T2020_RD320(1.0),14/04/22 11:00:00,A,TOTAL,PC,NL,2013,23.739,
ESTAT:T2020_RD320(1.0),14/04/22 11:00:00,A,TOTAL,PC,NL,2014,30.948,
ESTAT:T2020_RD320(1.0),14/04/22 11:00:00,A,TOTAL,PC,NL,2015,49.051,
ESTAT:T2020_RD320(1.0),14/04/22 11:00:00,A,TOTAL,PC,NL,2016,45.958,
ESTAT:T2020_RD320(1.0),14/04/22 11:00:00,A,TOTAL,PC,NL,2017,51.906,
ESTAT:T2020_RD320(1.0),14/04/22 11:00:00,A,TOTAL,PC,NL,2018,59.495,
ESTAT:T2020_RD320(1.0),14/04/22 11:00:00,A,TOTAL,PC,NL,2019,64.304,
ESTAT:T2020_RD320(1.0),14/04/22 11:00:00,A,TOTAL,PC,NL,2020,68.068,
ESTAT:T2020_RD320(1.0),14/04/22 11:00:00,A,TOTAL,PC,NO,1990,-435.231,
ESTAT:T2020_RD320(1.0),14/04/22 11:00:00,A,TOTAL,PC,NO,1991,-479.730,
ESTAT:T2020_RD320(1.0),14/04/22 11:00:00,A,TOTAL,PC,NO,1992,-533.338,
ESTAT:T2020_RD320(1.0),14/04/22 11:00:00,A,TOTAL,PC,NO,1993,-526.405,
ESTAT:T2020_RD320(1.0),14/04/22 11:00:00,A,TOTAL,PC,NO,1994,-602.279,
ESTAT:T2020_RD320(1.0),14/04/22 11:00:00,A,TOTAL,PC,NO,1995,-640.327,
ESTAT:T2020_RD320(1.0),14/04/22 11:00:00,A,TOTAL,PC,NO,1996,-756.473,
ESTAT:T2020_RD320(1.0),14/04/22 11:00:00,A,TOTAL,PC,NO,1997,-731.931,
ESTAT:T2020_RD320(1.0),14/04/22 11:00:00,A,TOTAL,PC,NO,1998,-676.127,
ESTAT:T2020_RD320(1.0),14/04/22 11:00:00,A,TOTAL,PC,NO,1999,-653.235,
ESTAT:T2020_RD320(1.0),14/04/22 11:00:00,A,TOTAL,PC,NO,2000,-723.443,
ESTAT:T2020_RD320(1.0),14/04/22 11:00:00,A,TOTAL,PC,NO,2001,-716.791,
ESTAT:T2020_RD320(1.0),14/04/22 11:00:00,A,TOTAL,PC,NO,2002,-801.071,
ESTAT:T2020_RD320(1.0),14/04/22 11:00:00,A,TOTAL,PC,NO,2003,-739.130,
ESTAT:T2020_RD320(1.0),14/04/22 11:00:00,A,TOTAL,PC,NO,2004,-702.544,
ESTAT:T2020_RD320(1.0),14/04/22 11:00:00,A,TOTAL,PC,NO,2005,-661.358,
ESTAT:T2020_RD320(1.0),14/04/22 11:00:00,A,TOTAL,PC,NO,2006,-627.919,
ESTAT:T2020_RD320(1.0),14/04/22 11:00:00,A,TOTAL,PC,NO,2007,-648.208,
ESTAT:T2020_RD320(1.0),14/04/22 11:00:00,A,TOTAL,PC,NO,2008,-564.390,
ESTAT:T2020_RD320(1.0),14/04/22 11:00:00,A,TOTAL,PC,NO,2009,-572.186,
ESTAT:T2020_RD320(1.0),14/04/22 11:00:00,A,TOTAL,PC,NO,2010,-512.833,
ESTAT:T2020_RD320(1.0),14/04/22 11:00:00,A,TOTAL,PC,NO,2011,-575.904,
ESTAT:T2020_RD320(1.0),14/04/22 11:00:00,A,TOTAL,PC,NO,2012,-530.724,
ESTAT:T2020_RD320(1.0),14/04/22 11:00:00,A,TOTAL,PC,NO,2013,-471.686,
ESTAT:T2020_RD320(1.0),14/04/22 11:00:00,A,TOTAL,PC,NO,2014,-559.141,
ESTAT:T2020_RD320(1.0),14/04/22 11:00:00,A,TOTAL,PC,NO,2015,-575.438,
ESTAT:T2020_RD320(1.0),14/04/22 11:00:00,A,TOTAL,PC,NO,2016,-611.539,
ESTAT:T2020_RD320(1.0),14/04/22 11:00:00,A,TOTAL,PC,NO,2017,-593.337,
ESTAT:T2020_RD320(1.0),14/04/22 11:00:00,A,TOTAL,PC,NO,2018,-554.773,
ESTAT:T2020_RD320(1.0),14/04/22 11:00:00,A,TOTAL,PC,NO,2019,-567.102,
ESTAT:T2020_RD320(1.0),14/04/22 11:00:00,A,TOTAL,PC,NO,2020,-623.059,
ESTAT:T2020_RD320(1.0),14/04/22 11:00:00,A,TOTAL,PC,PL,1990,0.854,
ESTAT:T2020_RD320(1.0),14/04/22 11:00:00,A,TOTAL,PC,PL,1991,1.221,
ESTAT:T2020_RD320(1.0),14/04/22 11:00:00,A,TOTAL,PC,PL,1992,1.605,
ESTAT:T2020_RD320(1.0),14/04/22 11:00:00,A,TOTAL,PC,PL,1993,2.622,
ESTAT:T2020_RD320(1.0),14/04/22 11:00:00,A,TOTAL,PC,PL,1994,0.086,
ESTAT:T2020_RD320(1.0),14/04/22 11:00:00,A,TOTAL,PC,PL,1995,-0.191,
ESTAT:T2020_RD320(1.0),14/04/22 11:00:00,A,TOTAL,PC,PL,1996,5.430,
ESTAT:T2020_RD320(1.0),14/04/22 11:00:00,A,TOTAL,PC,PL,1997,6.570,
ESTAT:T2020_RD320(1.0),14/04/22 11:00:00,A,TOTAL,PC,PL,1998,8.526,
ESTAT:T2020_RD320(1.0),14/04/22 11:00:00,A,TOTAL,PC,PL,1999,9.924,
ESTAT:T2020_RD320(1.0),14/04/22 11:00:00,A,TOTAL,PC,PL,2000,10.722,
ESTAT:T2020_RD320(1.0),14/04/22 11:00:00,A,TOTAL,PC,PL,2001,10.450,
ESTAT:T2020_RD320(1.0),14/04/22 11:00:00,A,TOTAL,PC,PL,2002,11.439,
ESTAT:T2020_RD320(1.0),14/04/22 11:00:00,A,TOTAL,PC,PL,2003,13.309,
ESTAT:T2020_RD320(1.0),14/04/22 11:00:00,A,TOTAL,PC,PL,2004,14.727,
ESTAT:T2020_RD320(1.0),14/04/22 11:00:00,A,TOTAL,PC,PL,2005,17.748,
ESTAT:T2020_RD320(1.0),14/04/22 11:00:00,A,TOTAL,PC,PL,2006,20.149,
ESTAT:T2020_RD320(1.0),14/04/22 11:00:00,A,TOTAL,PC,PL,2007,25.790,
ESTAT:T2020_RD320(1.0),14/04/22 11:00:00,A,TOTAL,PC,PL,2008,30.862,
ESTAT:T2020_RD320(1.0),14/04/22 11:00:00,A,TOTAL,PC,PL,2009,32.041,
ESTAT:T2020_RD320(1.0),14/04/22 11:00:00,A,TOTAL,PC,PL,2010,31.569,
ESTAT:T2020_RD320(1.0),14/04/22 11:00:00,A,TOTAL,PC,PL,2011,34.020,
ESTAT:T2020_RD320(1.0),14/04/22 11:00:00,A,TOTAL,PC,PL,2012,31.628,
ESTAT:T2020_RD320(1.0),14/04/22 11:00:00,A,TOTAL,PC,PL,2013,26.254,
ESTAT:T2020_RD320(1.0),14/04/22 11:00:00,A,TOTAL,PC,PL,2014,29.415,
ESTAT:T2020_RD320(1.0),14/04/22 11:00:00,A,TOTAL,PC,PL,2015,29.848,
ESTAT:T2020_RD320(1.0),14/04/22 11:00:00,A,TOTAL,PC,PL,2016,30.760,
ESTAT:T2020_RD320(1.0),14/04/22 11:00:00,A,TOTAL,PC,PL,2017,38.269,
ESTAT:T2020_RD320(1.0),14/04/22 11:00:00,A,TOTAL,PC,PL,2018,43.505,
ESTAT:T2020_RD320(1.0),14/04/22 11:00:00,A,TOTAL,PC,PL,2019,45.237,
ESTAT:T2020_RD320(1.0),14/04/22 11:00:00,A,TOTAL,PC,PL,2020,42.760,
ESTAT:T2020_RD320(1.0),14/04/22 11:00:00,A,TOTAL,PC,PT,1990,83.571,
ESTAT:T2020_RD320(1.0),14/04/22 11:00:00,A,TOTAL,PC,PT,1991,82.315,
ESTAT:T2020_RD320(1.0),14/04/22 11:00:00,A,TOTAL,PC,PT,1992,84.112,
ESTAT:T2020_RD320(1.0),14/04/22 11:00:00,A,TOTAL,PC,PT,1993,82.652,
ESTAT:T2020_RD320(1.0),14/04/22 11:00:00,A,TOTAL,PC,PT,1994,81.261,
ESTAT:T2020_RD320(1.0),14/04/22 11:00:00,A,TOTAL,PC,PT,1995,85.720,
ESTAT:T2020_RD320(1.0),14/04/22 11:00:00,A,TOTAL,PC,PT,1996,80.751,
ESTAT:T2020_RD320(1.0),14/04/22 11:00:00,A,TOTAL,PC,PT,1997,84.167,
ESTAT:T2020_RD320(1.0),14/04/22 11:00:00,A,TOTAL,PC,PT,1998,84.421,
ESTAT:T2020_RD320(1.0),14/04/22 11:00:00,A,TOTAL,PC,PT,1999,87.781,
ESTAT:T2020_RD320(1.0),14/04/22 11:00:00,A,TOTAL,PC,PT,2000,85.286,
ESTAT:T2020_RD320(1.0),14/04/22 11:00:00,A,TOTAL,PC,PT,2001,85.177,
ESTAT:T2020_RD320(1.0),14/04/22 11:00:00,A,TOTAL,PC,PT,2002,84.162,
ESTAT:T2020_RD320(1.0),14/04/22 11:00:00,A,TOTAL,PC,PT,2003,85.488,
ESTAT:T2020_RD320(1.0),14/04/22 11:00:00,A,TOTAL,PC,PT,2004,83.933,
ESTAT:T2020_RD320(1.0),14/04/22 11:00:00,A,TOTAL,PC,PT,2005,88.561,
ESTAT:T2020_RD320(1.0),14/04/22 11:00:00,A,TOTAL,PC,PT,2006,83.967,
ESTAT:T2020_RD320(1.0),14/04/22 11:00:00,A,TOTAL,PC,PT,2007,81.519,
ESTAT:T2020_RD320(1.0),14/04/22 11:00:00,A,TOTAL,PC,PT,2008,83.623,
ESTAT:T2020_RD320(1.0),14/04/22 11:00:00,A,TOTAL,PC,PT,2009,81.434,
ESTAT:T2020_RD320(1.0),14/04/22 11:00:00,A,TOTAL,PC,PT,2010,75.220,
ESTAT:T2020_RD320(1.0),14/04/22 11:00:00,A,TOTAL,PC,PT,2011,77.792,
ESTAT:T2020_RD320(1.0),14/04/22 11:00:00,A,TOTAL,PC,PT,2012,79.461,
ESTAT:T2020_RD320(1.0),14/04/22 11:00:00,A,TOTAL,PC,PT,2013,73.347,
ESTAT:T2020_RD320(1.0),14/04/22 11:00:00,A,TOTAL,PC,PT,2014,70.234,
ESTAT:T2020_RD320(1.0),14/04/22 11:00:00,A,TOTAL,PC,PT,2015,76.293,
ESTAT:T2020_RD320(1.0),14/04/22 11:00:00,A,TOTAL,PC,PT,2016,72.241,
ESTAT:T2020_RD320(1.0),14/04/22 11:00:00,A,TOTAL,PC,PT,2017,77.965,
ESTAT:T2020_RD320(1.0),14/04/22 11:00:00,A,TOTAL,PC,PT,2018,75.653,
ESTAT:T2020_RD320(1.0),14/04/22 11:00:00,A,TOTAL,PC,PT,2019,73.860,
ESTAT:T2020_RD320(1.0),14/04/22 11:00:00,A,TOTAL,PC,PT,2020,65.261,
ESTAT:T2020_RD320(1.0),14/04/22 11:00:00,A,TOTAL,PC,RO,1990,35.907,
ESTAT:T2020_RD320(1.0),14/04/22 11:00:00,A,TOTAL,PC,RO,1991,28.716,
ESTAT:T2020_RD320(1.0),14/04/22 11:00:00,A,TOTAL,PC,RO,1992,29.565,
ESTAT:T2020_RD320(1.0),14/04/22 11:00:00,A,TOTAL,PC,RO,1993,27.023,
ESTAT:T2020_RD320(1.0),14/04/22 11:00:00,A,TOTAL,PC,RO,1994,25.803,
ESTAT:T2020_RD320(1.0),14/04/22 11:00:00,A,TOTAL,PC,RO,1995,30.860,
ESTAT:T2020_RD320(1.0),14/04/22 11:00:00,A,TOTAL,PC,RO,1996,31.018,
ESTAT:T2020_RD320(1.0),14/04/22 11:00:00,A,TOTAL,PC,RO,1997,32.662,
ESTAT:T2020_RD320(1.0),14/04/22 11:00:00,A,TOTAL,PC,RO,1998,28.935,
ESTAT:T2020_RD320(1.0),14/04/22 11:00:00,A,TOTAL,PC,RO,1999,21.163,
ESTAT:T2020_RD320(1.0),14/04/22 11:00:00,A,TOTAL,PC,RO,2000,21.884,
ESTAT:T2020_RD320(1.0),14/04/22 11:00:00,A,TOTAL,PC,RO,2001,26.272,
ESTAT:T2020_RD320(1.0),14/04/22 11:00:00,A,TOTAL,PC,RO,2002,24.275,
ESTAT:T2020_RD320(1.0),14/04/22 11:00:00,A,TOTAL,PC,RO,2003,25.418,
ESTAT:T2020_RD320(1.0),14/04/22 11:00:00,A,TOTAL,PC,RO,2004,30.036,
ESTAT:T2020_RD320(1.0),14/04/22 11:00:00,A,TOTAL,PC,RO,2005,27.474,
ESTAT:T2020_RD320(1.0),14/04/22 11:00:00,A,TOTAL,PC,RO,2006,29.158,
ESTAT:T2020_RD320(1.0),14/04/22 11:00:00,A,TOTAL,PC,RO,2007,31.460,
ESTAT:T2020_RD320(1.0),14/04/22 11:00:00,A,TOTAL,PC,RO,2008,27.650,
ESTAT:T2020_RD320(1.0),14/04/22 11:00:00,A,TOTAL,PC,RO,2009,19.890,
ESTAT:T2020_RD320(1.0),14/04/22 11:00:00,A,TOTAL,PC,RO,2010,21.386,
ESTAT:T2020_RD320(1.0),14/04/22 11:00:00,A,TOTAL,PC,RO,2011,21.140,
ESTAT:T2020_RD320(1.0),14/04/22 11:00:00,A,TOTAL,PC,RO,2012,22.463,
ESTAT:T2020_RD320(1.0),14/04/22 11:00:00,A,TOTAL,PC,RO,2013,18.317,
ESTAT:T2020_RD320(1.0),14/04/22 11:00:00,A,TOTAL,PC,RO,2014,16.663,
ESTAT:T2020_RD320(1.0),14/04/22 11:00:00,A,TOTAL,PC,RO,2015,16.687,
ESTAT:T2020_RD320(1.0),14/04/22 11:00:00,A,TOTAL,PC,RO,2016,21.901,
ESTAT:T2020_RD320(1.0),14/04/22 11:00:00,A,TOTAL,PC,RO,2017,23.295,
ESTAT:T2020_RD320(1.0),14/04/22 11:00:00,A,TOTAL,PC,RO,2018,24.291,
ESTAT:T2020_RD320(1.0),14/04/22 11:00:00,A,TOTAL,PC,RO,2019,30.282,
ESTAT:T2020_RD320(1.0),14/04/22 11:00:00,A,TOTAL,PC,RO,2020,28.201,
ESTAT:T2020_RD320(1.0),14/04/22 11:00:00,A,TOTAL,PC,RS,1990,30.936,
ESTAT:T2020_RD320(1.0),14/04/22 11:00:00,A,TOTAL,PC,RS,1991,26.653,
ESTAT:T2020_RD320(1.0),14/04/22 11:00:00,A,TOTAL,PC,RS,1992,20.645,
ESTAT:T2020_RD320(1.0),14/04/22 11:00:00,A,TOTAL,PC,RS,1993,10.232,
ESTAT:T2020_RD320(1.0),14/04/22 11:00:00,A,TOTAL,PC,RS,1994,9.549,
ESTAT:T2020_RD320(1.0),14/04/22 11:00:00,A,TOTAL,PC,RS,1995,10.463,
ESTAT:T2020_RD320(1.0),14/04/22 11:00:00,A,TOTAL,PC,RS,1996,24.898,
ESTAT:T2020_RD320(1.0),14/04/22 11:00:00,A,TOTAL,PC,RS,1997,26.959,
ESTAT:T2020_RD320(1.0),14/04/22 11:00:00,A,TOTAL,PC,RS,1998,24.595,
ESTAT:T2020_RD320(1.0),14/04/22 11:00:00,A,TOTAL,PC,RS,1999,14.117,
ESTAT:T2020_RD320(1.0),14/04/22 11:00:00,A,TOTAL,PC,RS,2000,13.877,
ESTAT:T2020_RD320(1.0),14/04/22 11:00:00,A,TOTAL,PC,RS,2001,23.463,
ESTAT:T2020_RD320(1.0),14/04/22 11:00:00,A,TOTAL,PC,RS,2002,26.366,
ESTAT:T2020_RD320(1.0),14/04/22 11:00:00,A,TOTAL,PC,RS,2003,28.617,
ESTAT:T2020_RD320(1.0),14/04/22 11:00:00,A,TOTAL,PC,RS,2004,33.482,
ESTAT:T2020_RD320(1.0),14/04/22 11:00:00,A,TOTAL,PC,RS,2005,36.611,
ESTAT:T2020_RD320(1.0),14/04/22 11:00:00,A,TOTAL,PC,RS,2006,38.232,
ESTAT:T2020_RD320(1.0),14/04/22 11:00:00,A,TOTAL,PC,RS,2007,36.392,
ESTAT:T2020_RD320(1.0),14/04/22 11:00:00,A,TOTAL,PC,RS,2008,37.729,
ESTAT:T2020_RD320(1.0),14/04/22 11:00:00,A,TOTAL,PC,RS,2009,32.256,
ESTAT:T2020_RD320(1.0),14/04/22 11:00:00,A,TOTAL,PC,RS,2010,33.516,
ESTAT:T2020_RD320(1.0),14/04/22 11:00:00,A,TOTAL,PC,RS,2011,30.445,
ESTAT:T2020_RD320(1.0),14/04/22 11:00:00,A,TOTAL,PC,RS,2012,27.940,
ESTAT:T2020_RD320(1.0),14/04/22 11:00:00,A,TOTAL,PC,RS,2013,24.094,
ESTAT:T2020_RD320(1.0),14/04/22 11:00:00,A,TOTAL,PC,RS,2014,27.937,
ESTAT:T2020_RD320(1.0),14/04/22 11:00:00,A,TOTAL,PC,RS,2015,27.693,
ESTAT:T2020_RD320(1.0),14/04/22 11:00:00,A,TOTAL,PC,RS,2016,29.726,
ESTAT:T2020_RD320(1.0),14/04/22 11:00:00,A,TOTAL,PC,RS,2017,33.815,
ESTAT:T2020_RD320(1.0),14/04/22 11:00:00,A,TOTAL,PC,RS,2018,34.640,
ESTAT:T2020_RD320(1.0),14/04/22 11:00:00,A,TOTAL,PC,RS,2019,35.611,
ESTAT:T2020_RD320(1.0),14/04/22 11:00:00,A,TOTAL,PC,RS,2020,29.836,
ESTAT:T2020_RD320(1.0),14/04/22 11:00:00,A,TOTAL,PC,SE,1990,38.187,
ESTAT:T2020_RD320(1.0),14/04/22 11:00:00,A,TOTAL,PC,SE,1991,35.713,
ESTAT:T2020_RD320(1.0),14/04/22 11:00:00,A,TOTAL,PC,SE,1992,37.404,
ESTAT:T2020_RD320(1.0),14/04/22 11:00:00,A,TOTAL,PC,SE,1993,38.858,
ESTAT:T2020_RD320(1.0),14/04/22 11:00:00,A,TOTAL,PC,SE,1994,40.376,
ESTAT:T2020_RD320(1.0),14/04/22 11:00:00,A,TOTAL,PC,SE,1995,37.757,
ESTAT:T2020_RD320(1.0),14/04/22 11:00:00,A,TOTAL,PC,SE,1996,40.442,
ESTAT:T2020_RD320(1.0),14/04/22 11:00:00,A,TOTAL,PC,SE,1997,38.406,
ESTAT:T2020_RD320(1.0),14/04/22 11:00:00,A,TOTAL,PC,SE,1998,37.875,
ESTAT:T2020_RD320(1.0),14/04/22 11:00:00,A,TOTAL,PC,SE,1999,35.185,
ESTAT:T2020_RD320(1.0),14/04/22 11:00:00,A,TOTAL,PC,SE,2000,39.316,
ESTAT:T2020_RD320(1.0),14/04/22 11:00:00,A,TOTAL,PC,SE,2001,37.005,
ESTAT:T2020_RD320(1.0),14/04/22 11:00:00,A,TOTAL,PC,SE,2002,37.664,
ESTAT:T2020_RD320(1.0),14/04/22 11:00:00,A,TOTAL,PC,SE,2003,43.679,
ESTAT:T2020_RD320(1.0),14/04/22 11:00:00,A,TOTAL,PC,SE,2004,37.256,
ESTAT:T2020_RD320(1.0),14/04/22 11:00:00,A,TOTAL,PC,SE,2005,38.075,
ESTAT:T2020_RD320(1.0),14/04/22 11:00:00,A,TOTAL,PC,SE,2006,38.227,
ESTAT:T2020_RD320(1.0),14/04/22 11:00:00,A,TOTAL,PC,SE,2007,36.797,
ESTAT:T2020_RD320(1.0),14/04/22 11:00:00,A,TOTAL,PC,SE,2008,38.416,
ESTAT:T2020_RD320(1.0),14/04/22 11:00:00,A,TOTAL,PC,SE,2009,38.186,
ESTAT:T2020_RD320(1.0),14/04/22 11:00:00,A,TOTAL,PC,SE,2010,37.990,
ESTAT:T2020_RD320(1.0),14/04/22 11:00:00,A,TOTAL,PC,SE,2011,36.476,
ESTAT:T2020_RD320(1.0),14/04/22 11:00:00,A,TOTAL,PC,SE,2012,30.164,
ESTAT:T2020_RD320(1.0),14/04/22 11:00:00,A,TOTAL,PC,SE,2013,32.790,
ESTAT:T2020_RD320(1.0),14/04/22 11:00:00,A,TOTAL,PC,SE,2014,32.335,
ESTAT:T2020_RD320(1.0),14/04/22 11:00:00,A,TOTAL,PC,SE,2015,30.061,
ESTAT:T2020_RD320(1.0),14/04/22 11:00:00,A,TOTAL,PC,SE,2016,33.301,
ESTAT:T2020_RD320(1.0),14/04/22 11:00:00,A,TOTAL,PC,SE,2017,26.658,
ESTAT:T2020_RD320(1.0),14/04/22 11:00:00,A,TOTAL,PC,SE,2018,29.059,
ESTAT:T2020_RD320(1.0),14/04/22 11:00:00,A,TOTAL,PC,SE,2019,30.044,
ESTAT:T2020_RD320(1.0),14/04/22 11:00:00,A,TOTAL,PC,SE,2020,33.511,
ESTAT:T2020_RD320(1.0),14/04/22 11:00:00,A,TOTAL,PC,SI,1990,45.867,
ESTAT:T2020_RD320(1.0),14/04/22 11:00:00,A,TOTAL,PC,SI,1991,42.493,
ESTAT:T2020_RD320(1.0),14/04/22 11:00:00,A,TOTAL,PC,SI,1992,42.006,
ESTAT:T2020_RD320(1.0),14/04/22 11:00:00,A,TOTAL,PC,SI,1993,48.369,
ESTAT:T2020_RD320(1.0),14/04/22 11:00:00,A,TOTAL,PC,SI,1994,49.334,
ESTAT:T2020_RD320(1.0),14/04/22 11:00:00,A,TOTAL,PC,SI,1995,51.018,
ESTAT:T2020_RD320(1.0),14/04/22 11:00:00,A,TOTAL,PC,SI,1996,55.512,
ESTAT:T2020_RD320(1.0),14/04/22 11:00:00,A,TOTAL,PC,SI,1997,55.468,
ESTAT:T2020_RD320(1.0),14/04/22 11:00:00,A,TOTAL,PC,SI,1998,52.525,
ESTAT:T2020_RD320(1.0),14/04/22 11:00:00,A,TOTAL,PC,SI,1999,55.969,
ESTAT:T2020_RD320(1.0),14/04/22 11:00:00,A,TOTAL,PC,SI,2000,51.852,
ESTAT:T2020_RD320(1.0),14/04/22 11:00:00,A,TOTAL,PC,SI,2001,48.940,
ESTAT:T2020_RD320(1.0),14/04/22 11:00:00,A,TOTAL,PC,SI,2002,49.749,
ESTAT:T2020_RD320(1.0),14/04/22 11:00:00,A,TOTAL,PC,SI,2003,52.467,
ESTAT:T2020_RD320(1.0),14/04/22 11:00:00,A,TOTAL,PC,SI,2004,51.379,
ESTAT:T2020_RD320(1.0),14/04/22 11:00:00,A,TOTAL,PC,SI,2005,50.826,
ESTAT:T2020_RD320(1.0),14/04/22 11:00:00,A,TOTAL,PC,SI,2006,50.897,
ESTAT:T2020_RD320(1.0),14/04/22 11:00:00,A,TOTAL,PC,SI,2007,50.821,
ESTAT:T2020_RD320(1.0),14/04/22 11:00:00,A,TOTAL,PC,SI,2008,53.587,
ESTAT:T2020_RD320(1.0),14/04/22 11:00:00,A,TOTAL,PC,SI,2009,48.834,
ESTAT:T2020_RD320(1.0),14/04/22 11:00:00,A,TOTAL,PC,SI,2010,49.277,
ESTAT:T2020_RD320(1.0),14/04/22 11:00:00,A,TOTAL,PC,SI,2011,48.329,
ESTAT:T2020_RD320(1.0),14/04/22 11:00:00,A,TOTAL,PC,SI,2012,51.813,
ESTAT:T2020_RD320(1.0),14/04/22 11:00:00,A,TOTAL,PC,SI,2013,47.461,
ESTAT:T2020_RD320(1.0),14/04/22 11:00:00,A,TOTAL,PC,SI,2014,45.187,
ESTAT:T2020_RD320(1.0),14/04/22 11:00:00,A,TOTAL,PC,SI,2015,49.304,
ESTAT:T2020_RD320(1.0),14/04/22 11:00:00,A,TOTAL,PC,SI,2016,49.017,
ESTAT:T2020_RD320(1.0),14/04/22 11:00:00,A,TOTAL,PC,SI,2017,50.769,
ESTAT:T2020_RD320(1.0),14/04/22 11:00:00,A,TOTAL,PC,SI,2018,51.213,
ESTAT:T2020_RD320(1.0),14/04/22 11:00:00,A,TOTAL,PC,SI,2019,52.116,
ESTAT:T2020_RD320(1.0),14/04/22 11:00:00,A,TOTAL,PC,SI,2020,45.801,
ESTAT:T2020_RD320(1.0),14/04/22 11:00:00,A,TOTAL,PC,SK,1990,77.071,
ESTAT:T2020_RD320(1.0),14/04/22 11:00:00,A,TOTAL,PC,SK,1991,72.976,
ESTAT:T2020_RD320(1.0),14/04/22 11:00:00,A,TOTAL,PC,SK,1992,74.782,
ESTAT:T2020_RD320(1.0),14/04/22 11:00:00,A,TOTAL,PC,SK,1993,68.893,
ESTAT:T2020_RD320(1.0),14/04/22 11:00:00,A,TOTAL,PC,SK,1994,68.114,
ESTAT:T2020_RD320(1.0),14/04/22 11:00:00,A,TOTAL,PC,SK,1995,68.881,
ESTAT:T2020_RD320(1.0),14/04/22 11:00:00,A,TOTAL,PC,SK,1996,73.197,
ESTAT:T2020_RD320(1.0),14/04/22 11:00:00,A,TOTAL,PC,SK,1997,72.969,
ESTAT:T2020_RD320(1.0),14/04/22 11:00:00,A,TOTAL,PC,SK,1998,70.669,
ESTAT:T2020_RD320(1.0),14/04/22 11:00:00,A,TOTAL,PC,SK,1999,66.162,
ESTAT:T2020_RD320(1.0),14/04/22 11:00:00,A,TOTAL,PC,SK,2000,65.065,
ESTAT:T2020_RD320(1.0),14/04/22 11:00:00,A,TOTAL,PC,SK,2001,62.537,
ESTAT:T2020_RD320(1.0),14/04/22 11:00:00,A,TOTAL,PC,SK,2002,64.476,
ESTAT:T2020_RD320(1.0),14/04/22 11:00:00,A,TOTAL,PC,SK,2003,64.918,
ESTAT:T2020_RD320(1.0),14/04/22 11:00:00,A,TOTAL,PC,SK,2004,68.180,
ESTAT:T2020_RD320(1.0),14/04/22 11:00:00,A,TOTAL,PC,SK,2005,65.990,
ESTAT:T2020_RD320(1.0),14/04/22 11:00:00,A,TOTAL,PC,SK,2006,64.344,
ESTAT:T2020_RD320(1.0),14/04/22 11:00:00,A,TOTAL,PC,SK,2007,69.736,
ESTAT:T2020_RD320(1.0),14/04/22 11:00:00,A,TOTAL,PC,SK,2008,65.842,
ESTAT:T2020_RD320(1.0),14/04/22 11:00:00,A,TOTAL,PC,SK,2009,67.692,
ESTAT:T2020_RD320(1.0),14/04/22 11:00:00,A,TOTAL,PC,SK,2010,64.448,
ESTAT:T2020_RD320(1.0),14/04/22 11:00:00,A,TOTAL,PC,SK,2011,65.933,
ESTAT:T2020_RD320(1.0),14/04/22 11:00:00,A,TOTAL,PC,SK,2012,61.625,
ESTAT:T2020_RD320(1.0),14/04/22 11:00:00,A,TOTAL,PC,SK,2013,60.825,
ESTAT:T2020_RD320(1.0),14/04/22 11:00:00,A,TOTAL,PC,SK,2014,62.135,
ESTAT:T2020_RD320(1.0),14/04/22 11:00:00,A,TOTAL,PC,SK,2015,60.102,
ESTAT:T2020_RD320(1.0),14/04/22 11:00:00,A,TOTAL,PC,SK,2016,60.551,
ESTAT:T2020_RD320(1.0),14/04/22 11:00:00,A,TOTAL,PC,SK,2017,64.845,
ESTAT:T2020_RD320(1.0),14/04/22 11:00:00,A,TOTAL,PC,SK,2018,63.679,
ESTAT:T2020_RD320(1.0),14/04/22 11:00:00,A,TOTAL,PC,SK,2019,69.762,
ESTAT:T2020_RD320(1.0),14/04/22 11:00:00,A,TOTAL,PC,SK,2020,56.329,
ESTAT:T2020_RD320(1.0),14/04/22 11:00:00,A,TOTAL,PC,TR,1990,53.545,
ESTAT:T2020_RD320(1.0),14/04/22 11:00:00,A,TOTAL,PC,TR,1991,47.410,
ESTAT:T2020_RD320(1.0),14/04/22 11:00:00,A,TOTAL,PC,TR,1992,50.231,
ESTAT:T2020_RD320(1.0),14/04/22 11:00:00,A,TOTAL,PC,TR,1993,55.291,
ESTAT:T2020_RD320(1.0),14/04/22 11:00:00,A,TOTAL,PC,TR,1994,55.860,
ESTAT:T2020_RD320(1.0),14/04/22 11:00:00,A,TOTAL,PC,TR,1995,59.274,
ESTAT:T2020_RD320(1.0),14/04/22 11:00:00,A,TOTAL,PC,TR,1996,60.447,
ESTAT:T2020_RD320(1.0),14/04/22 11:00:00,A,TOTAL,PC,TR,1997,59.945,
ESTAT:T2020_RD320(1.0),14/04/22 11:00:00,A,TOTAL,PC,TR,1998,60.155,
ESTAT:T2020_RD320(1.0),14/04/22 11:00:00,A,TOTAL,PC,TR,1999,60.893,
ESTAT:T2020_RD320(1.0),14/04/22 11:00:00,A,TOTAL,PC,TR,2000,65.384,
ESTAT:T2020_RD320(1.0),14/04/22 11:00:00,A,TOTAL,PC,TR,2001,64.574,
ESTAT:T2020_RD320(1.0),14/04/22 11:00:00,A,TOTAL,PC,TR,2002,67.567,
ESTAT:T2020_RD320(1.0),14/04/22 11:00:00,A,TOTAL,PC,TR,2003,70.507,
ESTAT:T2020_RD320(1.0),14/04/22 11:00:00,A,TOTAL,PC,TR,2004,70.222,
ESTAT:T2020_RD320(1.0),14/04/22 11:00:00,A,TOTAL,PC,TR,2005,71.680,
ESTAT:T2020_RD320(1.0),14/04/22 11:00:00,A,TOTAL,PC,TR,2006,72.792,
ESTAT:T2020_RD320(1.0),14/04/22 11:00:00,A,TOTAL,PC,TR,2007,74.154,
ESTAT:T2020_RD320(1.0),14/04/22 11:00:00,A,TOTAL,PC,TR,2008,72.379,
ESTAT:T2020_RD320(1.0),14/04/22 11:00:00,A,TOTAL,PC,TR,2009,70.375,
ESTAT:T2020_RD320(1.0),14/04/22 11:00:00,A,TOTAL,PC,TR,2010,70.651,
ESTAT:T2020_RD320(1.0),14/04/22 11:00:00,A,TOTAL,PC,TR,2011,71.111,
ESTAT:T2020_RD320(1.0),14/04/22 11:00:00,A,TOTAL,PC,TR,2012,75.642,
ESTAT:T2020_RD320(1.0),14/04/22 11:00:00,A,TOTAL,PC,TR,2013,75.385,
ESTAT:T2020_RD320(1.0),14/04/22 11:00:00,A,TOTAL,PC,TR,2014,76.294,
ESTAT:T2020_RD320(1.0),14/04/22 11:00:00,A,TOTAL,PC,TR,2015,77.877,
ESTAT:T2020_RD320(1.0),14/04/22 11:00:00,A,TOTAL,PC,TR,2016,75.482,
ESTAT:T2020_RD320(1.0),14/04/22 11:00:00,A,TOTAL,PC,TR,2017,77.168,
ESTAT:T2020_RD320(1.0),14/04/22 11:00:00,A,TOTAL,PC,TR,2018,73.789,
ESTAT:T2020_RD320(1.0),14/04/22 11:00:00,A,TOTAL,PC,TR,2019,69.952,
ESTAT:T2020_RD320(1.0),14/04/22 11:00:00,A,TOTAL,PC,TR,2020,70.648,
ESTAT:T2020_RD320(1.0),14/04/22 11:00:00,A,TOTAL,PC,UK,1990,2.277,
ESTAT:T2020_RD320(1.0),14/04/22 11:00:00,A,TOTAL,PC,UK,1991,5.097,
ESTAT:T2020_RD320(1.0),14/04/22 11:00:00,A,TOTAL,PC,UK,1992,3.838,
ESTAT:T2020_RD320(1.0),14/04/22 11:00:00,A,TOTAL,PC,UK,1993,-0.032,
ESTAT:T2020_RD320(1.0),14/04/22 11:00:00,A,TOTAL,PC,UK,1994,-14.584,
ESTAT:T2020_RD320(1.0),14/04/22 11:00:00,A,TOTAL,PC,UK,1995,-16.750,
ESTAT:T2020_RD320(1.0),14/04/22 11:00:00,A,TOTAL,PC,UK,1996,-14.766,
ESTAT:T2020_RD320(1.0),14/04/22 11:00:00,A,TOTAL,PC,UK,1997,-15.482,
ESTAT:T2020_RD320(1.0),14/04/22 11:00:00,A,TOTAL,PC,UK,1998,-16.431,
ESTAT:T2020_RD320(1.0),14/04/22 11:00:00,A,TOTAL,PC,UK,1999,-20.573,
ESTAT:T2020_RD320(1.0),14/04/22 11:00:00,A,TOTAL,PC,UK,2000,-17.128,
ESTAT:T2020_RD320(1.0),14/04/22 11:00:00,A,TOTAL,PC,UK,2001,-9.526,
ESTAT:T2020_RD320(1.0),14/04/22 11:00:00,A,TOTAL,PC,UK,2002,-11.954,
ESTAT:T2020_RD320(1.0),14/04/22 11:00:00,A,TOTAL,PC,UK,2003,-5.960,
ESTAT:T2020_RD320(1.0),14/04/22 11:00:00,A,TOTAL,PC,UK,2004,4.485,
ESTAT:T2020_RD320(1.0),14/04/22 11:00:00,A,TOTAL,PC,UK,2005,13.363,
ESTAT:T2020_RD320(1.0),14/04/22 11:00:00,A,TOTAL,PC,UK,2006,21.132,
ESTAT:T2020_RD320(1.0),14/04/22 11:00:00,A,TOTAL,PC,UK,2007,20.378,
ESTAT:T2020_RD320(1.0),14/04/22 11:00:00,A,TOTAL,PC,UK,2008,26.236,
ESTAT:T2020_RD320(1.0),14/04/22 11:00:00,A,TOTAL,PC,UK,2009,27.274,
ESTAT:T2020_RD320(1.0),14/04/22 11:00:00,A,TOTAL,PC,UK,2010,29.008,
ESTAT:T2020_RD320(1.0),14/04/22 11:00:00,A,TOTAL,PC,UK,2011,36.942,
ESTAT:T2020_RD320(1.0),14/04/22 11:00:00,A,TOTAL,PC,UK,2012,43.387,
ESTAT:T2020_RD320(1.0),14/04/22 11:00:00,A,TOTAL,PC,UK,2013,47.758,
ESTAT:T2020_RD320(1.0),14/04/22 11:00:00,A,TOTAL,PC,UK,2014,46.773,
ESTAT:T2020_RD320(1.0),14/04/22 11:00:00,A,TOTAL,PC,UK,2015,37.638,
ESTAT:T2020_RD320(1.0),14/04/22 11:00:00,A,TOTAL,PC,UK,2016,35.639,
ESTAT:T2020_RD320(1.0),14/04/22 11:00:00,A,TOTAL,PC,UK,2017,35.575,
ESTAT:T2020_RD320(1.0),14/04/22 11:00:00,A,TOTAL,PC,UK,2018,35.513,
ESTAT:T2020_RD320(1.0),14/04/22 11:00:00,A,TOTAL,PC,UK,2019,34.829,
ESTAT:T2020_RD320(1.0),14/04/22 11:00:00,A,TOTAL,PC,XK,2000,27.108,
ESTAT:T2020_RD320(1.0),14/04/22 11:00:00,A,TOTAL,PC,XK,2001,27.121,
ESTAT:T2020_RD320(1.0),14/04/22 11:00:00,A,TOTAL,PC,XK,2002,27.186,
ESTAT:T2020_RD320(1.0),14/04/22 11:00:00,A,TOTAL,PC,XK,2003,26.714,
ESTAT:T2020_RD320(1.0),14/04/22 11:00:00,A,TOTAL,PC,XK,2004,27.143,
ESTAT:T2020_RD320(1.0),14/04/22 11:00:00,A,TOTAL,PC,XK,2005,28.216,
ESTAT:T2020_RD320(1.0),14/04/22 11:00:00,A,TOTAL,PC,XK,2006,29.470,
ESTAT:T2020_RD320(1.0),14/04/22 11:00:00,A,TOTAL,PC,XK,2007,29.034,
ESTAT:T2020_RD320(1.0),14/04/22 11:00:00,A,TOTAL,PC,XK,2008,27.071,
ESTAT:T2020_RD320(1.0),14/04/22 11:00:00,A,TOTAL,PC,XK,2009,25.880,
ESTAT:T2020_RD320(1.0),14/04/22 11:00:00,A,TOTAL,PC,XK,2010,24.605,
ESTAT:T2020_RD320(1.0),14/04/22 11:00:00,A,TOTAL,PC,XK,2011,27.504,
ESTAT:T2020_RD320(1.0),14/04/22 11:00:00,A,TOTAL,PC,XK,2012,27.249,
ESTAT:T2020_RD320(1.0),14/04/22 11:00:00,A,TOTAL,PC,XK,2013,21.847,
ESTAT:T2020_RD320(1.0),14/04/22 11:00:00,A,TOTAL,PC,XK,2014,27.178,
ESTAT:T2020_RD320(1.0),14/04/22 11:00:00,A,TOTAL,PC,XK,2015,27.601,
ESTAT:T2020_RD320(1.0),14/04/22 11:00:00,A,TOTAL,PC,XK,2016,23.609,
ESTAT:T2020_RD320(1.0),14/04/22 11:00:00,A,TOTAL,PC,XK,2017,29.957,
ESTAT:T2020_RD320(1.0),14/04/22 11:00:00,A,TOTAL,PC,XK,2018,29.274,
ESTAT:T2020_RD320(1.0),14/04/22 11:00:00,A,TOTAL,PC,XK,2019,30.534,
ESTAT:T2020_RD320(1.0),14/04/22 11:00:00,A,TOTAL,PC,XK,2020,29.537,
